-- phpMyAdmin SQL Dump
-- version 4.4.15.10
-- https://www.phpmyadmin.net
--
-- Host: localhost
-- Generation Time: 07 Sep 2020 pada 14.38
-- Versi Server: 5.5.65-MariaDB
-- PHP Version: 7.0.33

SET SQL_MODE = "NO_AUTO_VALUE_ON_ZERO";
SET time_zone = "+00:00";


/*!40101 SET @OLD_CHARACTER_SET_CLIENT=@@CHARACTER_SET_CLIENT */;
/*!40101 SET @OLD_CHARACTER_SET_RESULTS=@@CHARACTER_SET_RESULTS */;
/*!40101 SET @OLD_COLLATION_CONNECTION=@@COLLATION_CONNECTION */;
/*!40101 SET NAMES utf8mb4 */;

--
-- Database: `s3at`
--

-- --------------------------------------------------------

--
-- Struktur dari tabel `jenisdata`
--

CREATE TABLE IF NOT EXISTS `jenisdata` (
  `id_jenis_data` int(5) NOT NULL,
  `nm_jenis_data` varchar(100) NOT NULL,
  `kd_sat` char(10) NOT NULL,
  `id_subsek` int(5) NOT NULL
) ENGINE=InnoDB AUTO_INCREMENT=91 DEFAULT CHARSET=utf8mb4;

--
-- Dumping data untuk tabel `jenisdata`
--

INSERT INTO `jenisdata` (`id_jenis_data`, `nm_jenis_data`, `kd_sat`, `id_subsek`) VALUES
(1, 'Luas Darat', 'KM2', 8),
(2, 'Perairan', 'KM2', 8),
(3, 'Tepi Laut', 'Derajat', 9),
(4, 'Bukan Tepi Laut', 'Derajat', 9),
(5, 'Sebelah Utara', 'Wilayah', 995),
(6, 'Sebelah Timur', 'Wilayah', 995),
(7, 'Sebelah Selatan', 'Wilayah', 995),
(8, 'Sebelah Barat', 'Wilayah', 995),
(9, 'Jumlah Kampung Memiliki Batas Wilayah (Desa)', 'Kampung', 13),
(10, 'Jumlah Kampung Belum Memiliki Batas Wilayah (Desa)', 'Kampung', 13),
(11, 'Jarak Ibukota Kabupaten ke Ibukota Kecamatan Linge', 'Km', 14),
(12, 'Jarak Ibukota Kabupaten ke Ibukota Kecamatan Bintang', 'Km', 14),
(13, 'Jarak Ibukota Kabupaten ke Ibukota Kecamatan Lut Tawar', 'Km', 14),
(14, 'Jarak Ibukota Kabupaten ke Ibukota Kecamatan Kebayakan', 'Km', 14),
(15, 'Jarak Ibukota Kabupaten ke Ibukota Kecamatan Pegasing', 'Km', 14),
(16, 'Jarak Ibukota Kabupaten ke Ibukota Kecamatan Bebesen', 'Km', 14),
(17, 'Jarak Ibukota Kabupaten ke Ibukota Kecamatan Kute Panang', 'Km', 14),
(18, 'Jarak Ibukota Kabupaten ke Ibukota Kecamatan Silih Nara', 'Km', 14),
(19, 'Jarak Ibukota Kabupaten ke Ibukota Kecamatan Ketol', 'Km', 14),
(20, 'Jarak Ibukota Kabupaten ke Ibukota Kecamatan Celala', 'Km', 14),
(21, 'Jarak Ibukota Kabupaten ke Ibukota Kecamatan Jagong Jeget', 'Km', 14),
(22, 'Jarak Ibukota Kabupaten ke Ibukota Kecamatan Atu Lintang', 'Km', 14),
(23, 'Jarak Ibukota Kabupaten ke Ibukota Kecamatan Bies', 'Km', 14),
(24, 'Jarak Ibukota Kabupaten ke Ibukota Kecamatan Rusip Antara', 'Km', 14),
(25, 'Kecamatan Linge', 'Ha', 15),
(26, 'Kecamatan Bintang', 'Ha', 15),
(27, 'Kecamatan Lut Tawar', 'Ha', 15),
(28, 'Kecamatan Kebayakan', 'Ha', 15),
(29, 'Kecamatan Pegasing', 'Ha', 15),
(30, 'Kecamatan Bebesen', 'Ha', 15),
(31, 'Kecamatan Kute Panang', 'Ha', 15),
(32, 'Kecamatan Silih Nara', 'Ha', 15),
(33, 'Kecamatan Ketol', 'Ha', 15),
(34, 'Kecamatan Celala', 'Ha', 15),
(35, 'Kecamatan Jagong Jeget', 'Ha', 15),
(36, 'Kecamatan Atu Lintang', 'Ha', 15),
(37, 'Kecamatan Bies', 'Ha', 15),
(38, 'Kecamatan Rusip Antara', 'Ha', 15),
(39, 'Kecamatan Linge', 'mdpl', 16),
(40, 'Kecamatan Bintang', 'mdpl', 16),
(41, 'Kecamatan Lut Tawar', 'mdpl', 16),
(42, 'Kecamatan Kebayakan', 'mdpl', 16),
(43, 'Kecamatan Pegasing', 'mdpl', 16),
(44, 'Kecamatan Bebesen', 'mdpl', 16),
(45, 'Kecamatan Kute Panang', 'mdpl', 16),
(46, 'Kecamatan Silih Nara', 'mdpl', 16),
(47, 'Kecamatan Ketol', 'mdpl', 16),
(48, 'Kecamatan Celala', 'mdpl', 16),
(49, 'Kecamatan Jagong Jeget', 'mdpl', 16),
(50, 'Kecamatan Atu Lintang', 'mdpl', 16),
(51, 'Kecamatan Bies', 'mdpl', 16),
(52, 'Kecamatan Rusip Antara', 'mdpl', 16),
(53, 'Laju Pertumbuhan Ekonomi Daerah', '%', 17),
(54, 'Laju Inflasi', '%', 17),
(55, 'Indeks Gini', '%', 17),
(56, 'IPM', '%', 17),
(57, 'PDRB', '%', 17),
(58, 'Persentase RKPD yang Sesuai Dengan RPJMD', '%', 18),
(59, 'Nasional', '%', 27),
(60, 'Provinsi', '%', 27),
(61, 'Kabupaten', '%', 27),
(62, 'Nasional', '%', 28),
(63, 'Provinsi', '%', 28),
(64, 'Kabupaten', '%', 28),
(65, 'PDRB Industri Pengolahan', 'Rp', 25),
(66, 'PDRB Listrik, Gas, Air Bersih', 'Rp', 25),
(67, 'PDRB Pertambangan dan Penggalian', 'Rp', 25),
(68, 'PDRB Pertanian, Peternakan, Kehutanan, Perikanan', 'Rp', 25),
(69, 'PDRB Kontruksi', 'Rp', 25),
(70, 'PDRB Perdagangan Besar dan Eceran Reparasi Mobil dan Sepeda Motor', 'Rp', 25),
(71, 'Beras', 'Ton/Ha', 10),
(72, 'jagung', 'Ton/Ha', 10),
(73, 'Kedelai', 'Ton/Ha', 10),
(74, 'Kacang Tanah', 'Ton/Ha', 10),
(75, 'Ubi Kayu', 'Ton/Ha', 10),
(76, 'Ubi Jalar', 'Ton/Ha', 10),
(77, 'Sayur', 'Ton/Ha', 10),
(78, 'Buah-Buahan', 'Ton/Ha', 10),
(79, 'Minyak Goreng', 'Ton/Ha', 10),
(80, 'Gula', 'Ton/Ha', 10),
(81, 'Beras', 'Ton/Ha', 11),
(82, 'Jagung', 'Ton/Ha', 11),
(83, 'Kedelai', 'Ton/Ha', 11),
(84, 'Kacang Tanah ', 'Ton/Ha', 11),
(85, 'Ubi Kayu', 'Ton/Ha', 11),
(86, 'Ubi Jalar', 'Ton/Ha', 11),
(87, 'Sayur', 'Ton/Ha', 11),
(88, 'Buah Buahan', 'Ton/Ha', 11),
(89, 'Minyak Goreng', 'Ton/Ha', 11),
(90, 'Gula', 'Ton/Ha', 11);

-- --------------------------------------------------------

--
-- Struktur dari tabel `kabupaten`
--

CREATE TABLE IF NOT EXISTS `kabupaten` (
  `kd_kab` char(10) NOT NULL,
  `nm_kab` varchar(50) NOT NULL
) ENGINE=InnoDB DEFAULT CHARSET=utf8mb4;

--
-- Dumping data untuk tabel `kabupaten`
--

INSERT INTO `kabupaten` (`kd_kab`, `nm_kab`) VALUES
('kab01', 'Aceh Tengah');

-- --------------------------------------------------------

--
-- Struktur dari tabel `kampung`
--

CREATE TABLE IF NOT EXISTS `kampung` (
  `kd_kp` char(10) NOT NULL,
  `nm_kp` varchar(50) NOT NULL,
  `kd_kec` char(10) NOT NULL
) ENGINE=InnoDB DEFAULT CHARSET=utf8mb4;

--
-- Dumping data untuk tabel `kampung`
--

INSERT INTO `kampung` (`kd_kp`, `nm_kp`, `kd_kec`) VALUES
('kp01.01', 'Gelampang Gading', 'kc01'),
('kp01.02', 'Kemerleng', 'kc01'),
('kp01.03', 'Kute Baru', 'kc01'),
('kp01.04', 'Kute Keramil', 'kc01'),
('kp01.05', 'Kute Rayang', 'kc01'),
('kp01.06', 'Kute Riem', 'kc01'),
('kp01.07', 'Kute Robel', 'kc01'),
('kp01.08', 'Despot Linge', 'kc01'),
('kp01.09', 'Gemboyah', 'kc01'),
('kp01.10', 'Pantan Reduk', 'kc01'),
('kp01.11', 'Arul Item', 'kc01'),
('kp01.12', 'Antara', 'kc01'),
('kp01.13', 'Lumut', 'kc01'),
('kp01.14', 'Owaq', 'kc01'),
('kp01.15', 'Penarun', 'kc01'),
('kp01.16', 'Ise-Ise', 'kc01'),
('kp01.17', 'Gewat', 'kc01'),
('kp01.18', 'Mungkur', 'kc01'),
('kp01.19', 'Pantan Nangka', 'kc01'),
('kp01.20', 'Simpang Tige Uning', 'kc01'),
('kp01.21', 'Umang', 'kc01'),
('kp01.22', 'Delung Sekinel', 'kc01'),
('kp01.23', 'Jamat', 'kc01'),
('kp01.24', 'Linge', 'kc01'),
('kp01.25', 'Kute Reje', 'kc01'),
('kp01.26', 'Reje Payung', 'kc01'),
('kp02.01', 'Arul Gele', 'kc02'),
('kp02.02', 'Arul Kumer', 'kc02'),
('kp02.03', 'Burni Bius', 'kc02'),
('kp02.04', 'Genting Gerbang', 'kc02'),
('kp02.05', 'Gunung Singit', 'kc02'),
('kp02.06', 'Pepayung Angkup', 'kc02'),
('kp02.07', 'Remesen', 'kc02'),
('kp02.08', 'Rutih', 'kc02'),
('kp02.09', 'Semelit Mutiara', 'kc02'),
('kp02.10', 'Wih Porak', 'kc02'),
('kp02.11', 'Wih Bakong', 'kc02'),
('kp02.12', 'Wihni Durin', 'kc02'),
('kp02.13', 'Arul Putih', 'kc02'),
('kp02.14', 'Arul Relem', 'kc02'),
('kp02.15', 'Burni Bius Baru', 'kc02'),
('kp02.16', 'Jerata', 'kc02'),
('kp02.17', 'Paya Beke', 'kc02'),
('kp02.18', 'Paya Pelu', 'kc02'),
('kp02.19', 'Rebe Gedung', 'kc02'),
('kp02.20', 'Reremal', 'kc02'),
('kp02.21', 'Sanehen', 'kc02'),
('kp02.22', 'Simpang Kemili', 'kc02'),
('kp02.23', 'Tenebuk Kampung Baru', 'kc02'),
('kp02.24', 'Terang Engon', 'kc02'),
('kp02.25', 'Wih Pesam', 'kc02'),
('kp02.26', 'Bus Utama', 'kc02'),
('kp02.27', 'Mekar Indah', 'kc02'),
('kp02.28', 'Mulie Jadi', 'kc02'),
('kp02.29', 'Wih Bersih', 'kc02'),
('kp02.30', 'Wih Sagi Indah', 'kc02'),
('kp02.31', 'Arul Kumer Barat', 'kc02'),
('kp02.32', 'Arul Kumer Timur', 'kc02'),
('kp02.33', 'Arul Kumer Selatan', 'kc02'),
('kp03.01', 'Blang Kolak I', 'kc03'),
('kp03.02', 'Bebesen', 'kc03'),
('kp03.03', 'Mongal', 'kc03'),
('kp03.04', 'Daling', 'kc03'),
('kp03.05', 'Tensaran', 'kc03'),
('kp03.06', 'Lelabu', 'kc03'),
('kp03.07', 'Blang Gele', 'kc03'),
('kp03.08', 'Kemili', 'kc03'),
('kp03.09', 'Tansaril', 'kc03'),
('kp03.10', 'Blang Kolak II', 'kc03'),
('kp03.11', 'Umang', 'kc03'),
('kp03.12', 'Simpang IV', 'kc03'),
('kp03.13', 'Bahgie', 'kc03'),
('kp03.14', 'Keramat Mufakat', 'kc03'),
('kp03.15', 'Atu Gajah Reje Guru', 'kc03'),
('kp03.16', 'Atu Tulu', 'kc03'),
('kp03.17', 'Burbiah', 'kc03'),
('kp03.18', 'Empus Talu', 'kc03'),
('kp03.19', 'Gele Lah', 'kc03'),
('kp03.20', 'Kebet', 'kc03'),
('kp03.21', 'Lemah Burbana', 'kc03'),
('kp03.22', 'Mah Bengi', 'kc03'),
('kp03.23', 'Nunang Antara', 'kc03'),
('kp03.24', 'Pendere Tan Saril', 'kc03'),
('kp03.25', 'Sadong Juru Mudi', 'kc03'),
('kp03.26', 'Ulu Nuwih', 'kc03'),
('kp03.27', 'Calo Blang Gele', 'kc03'),
('kp03.28', 'Kala Kemili', 'kc03'),
('kp04.01', 'Arul Badak', 'kc04'),
('kp04.02', 'Brawang Baro', 'kc04'),
('kp04.03', 'Gelelungi', 'kc04'),
('kp04.04', 'Ie-Relop', 'kc04'),
('kp04.05', 'Kayu Kul', 'kc04'),
('kp04.06', 'Kedelah', 'kc04'),
('kp04.07', 'Kung', 'kc04'),
('kp04.08', 'Kute Lintang', 'kc04'),
('kp04.09', 'Lelemu', 'kc04'),
('kp04.10', 'Paya Jeget', 'kc04'),
('kp04.11', 'Pedekok', 'kc04'),
('kp04.12', 'Pegasing', 'kc04'),
('kp04.13', 'Pepalang', 'kc04'),
('kp04.14', 'Simpang Kelaping', 'kc04'),
('kp04.15', 'Tebuk', 'kc04'),
('kp04.16', 'Terang Ulen', 'kc04'),
('kp04.17', 'Ujung Gele', 'kc04'),
('kp04.18', 'Wih Ilang', 'kc04'),
('kp04.19', 'Wih Nareh', 'kc04'),
('kp04.20', 'Wih Lah', 'kc04'),
('kp04.21', 'Jejem', 'kc04'),
('kp04.22', 'Jurusen', 'kc04'),
('kp04.23', 'Kala Pegasing', 'kc04'),
('kp04.24', 'Linung Ayu', 'kc04'),
('kp04.25', 'Panangan Mata', 'kc04'),
('kp04.26', 'Pantan Musara', 'kc04'),
('kp04.27', 'Wih Terjun', 'kc04'),
('kp04.28', 'Blang Bebangka', 'kc04'),
('kp04.29', 'Uning', 'kc04'),
('kp04.30', 'Urung', 'kc04'),
('kp04.31', 'Suka Damai', 'kc04'),
('kp05.01', 'Atu Payung', 'kc05'),
('kp05.02', 'Berawang', 'kc05'),
('kp05.03', 'Dedamar', 'kc05'),
('kp05.04', 'Genuren', 'kc05'),
('kp05.05', 'Kala Bintang', 'kc05'),
('kp05.06', 'Kala Segi', 'kc05'),
('kp05.07', 'Kelitu Sintep', 'kc05'),
('kp05.08', 'Kuala I', 'kc05'),
('kp05.09', 'Kuala II', 'kc05'),
('kp05.10', 'Linung Bulen I', 'kc05'),
('kp05.11', 'Linung Bulen II', 'kc05'),
('kp05.12', 'Gegarang', 'kc05'),
('kp05.13', 'Jamur Konyel', 'kc05'),
('kp05.14', 'Merodot', 'kc05'),
('kp05.15', 'Sintep', 'kc05'),
('kp05.16', 'Serule', 'kc05'),
('kp05.17', 'Wakil Jalil', 'kc05'),
('kp05.18', 'Wih Lah Setie', 'kc05'),
('kp05.19', 'Gele Pulo', 'kc05'),
('kp05.20', 'Bale Nosar', 'kc05'),
('kp05.21', 'Bamil Nosar', 'kc05'),
('kp05.22', 'Kejurun Syiah Utama', 'kc05'),
('kp05.23', 'Mengaya', 'kc05'),
('kp05.24', 'Mude Nosar', 'kc05'),
('kp06.01', 'Bah', 'kc06'),
('kp06.02', 'Blang Mancung', 'kc06'),
('kp06.03', 'Bintang Pepara', 'kc06'),
('kp06.04', 'Burlah', 'kc06'),
('kp06.05', 'Buter', 'kc06'),
('kp06.06', 'Cang Duri', 'kc06'),
('kp06.07', 'Gelumpang Payung', 'kc06'),
('kp06.08', 'Jaluk', 'kc06'),
('kp06.09', 'Kala Ketol', 'kc06'),
('kp06.10', 'Karang Ampar', 'kc06'),
('kp06.11', 'Kekuyang', 'kc06'),
('kp06.12', 'Kute Gelime', 'kc06'),
('kp06.13', 'Pantan Penyo', 'kc06'),
('kp06.14', 'Pantan Reduk', 'kc06'),
('kp06.15', 'Pondok Balik', 'kc06'),
('kp06.16', 'Reje Wali', 'kc06'),
('kp06.17', 'Serempah', 'kc06'),
('kp06.18', 'Bergang', 'kc06'),
('kp06.19', 'Blang Mancung Bawah', 'kc06'),
('kp06.20', 'Buge Ara', 'kc06'),
('kp06.21', 'Genting Bulen', 'kc06'),
('kp06.22', 'Jalan Tengah', 'kc06'),
('kp06.23', 'Jerata', 'kc06'),
('kp06.24', 'Simpang Juli', 'kc06'),
('kp06.25', 'Seron', 'kc06'),
('kp07.01', 'Bukit Sama', 'kc07'),
('kp07.02', 'Gunung Bukit', 'kc07'),
('kp07.03', 'Jongok Meluem', 'kc07'),
('kp07.04', 'Kelupak Mata', 'kc07'),
('kp07.05', 'Lot Kala', 'kc07'),
('kp07.06', 'Mendale', 'kc07'),
('kp07.07', 'Paya Reje Tami Delem', 'kc07'),
('kp07.08', 'Paya Tumpi', 'kc07'),
('kp07.09', 'Pinangan', 'kc07'),
('kp07.10', 'Bukit', 'kc07'),
('kp07.11', 'Bukit Ewih Tami Delem', 'kc07'),
('kp07.12', 'Gunung Bahgie', 'kc07'),
('kp07.13', 'Gunung Balohen', 'kc07'),
('kp07.14', 'Jongok Bathin', 'kc07'),
('kp07.15', 'Kala Lengkio', 'kc07'),
('kp07.16', 'Kute Lot', 'kc07'),
('kp07.17', 'Paya Tumpi Baru', 'kc07'),
('kp07.18', 'Paya Tumpi I', 'kc07'),
('kp07.19', 'Timangan Gading', 'kc07'),
('kp07.20', 'Telege Atu', 'kc07'),
('kp08.01', 'Atu Gogop', 'kc08'),
('kp08.02', 'Balik', 'kc08'),
('kp08.03', 'Buter Balik', 'kc08'),
('kp08.04', 'Dedingin', 'kc08'),
('kp08.05', 'Kute Panang', 'kc08'),
('kp08.06', 'Lukub Sabun', 'kc08'),
('kp08.07', 'Ratawali', 'kc08'),
('kp08.08', 'Segene Balik', 'kc08'),
('kp08.09', 'Tapak Moge', 'kc08'),
('kp08.10', 'Tawar Miko', 'kc08'),
('kp08.11', 'Tawardi', 'kc08'),
('kp08.12', 'Timang Rasa', 'kc08'),
('kp08.13', 'Wih Nongkal', 'kc08'),
('kp08.14', 'Bukit Rata', 'kc08'),
('kp08.15', 'Lukub Sabun Barat', 'kc08'),
('kp08.16', 'Lukub Sabun Tengah', 'kc08'),
('kp08.17', 'Lukub Sabun Timur', 'kc08'),
('kp08.18', 'Pantan Sile', 'kc08'),
('kp08.19', 'Wih Nongkal Toa', 'kc08'),
('kp08.20', 'Tapak Moge Timur', 'kc08'),
('kp08.21', 'Empu Balik', 'kc08'),
('kp08.22', 'Blang Balik', 'kc08'),
('kp08.23', 'Kala Nongkal', 'kc08'),
('kp08.24', 'Pantan Jerik', 'kc08'),
('kp09.01', 'Arul Gading', 'kc09'),
('kp09.02', 'Blang Kekumur', 'kc09'),
('kp09.03', 'Berawang Gading', 'kc09'),
('kp09.04', 'Celala', 'kc09'),
('kp09.05', 'Cibro', 'kc09'),
('kp09.06', 'Kuyun', 'kc09'),
('kp09.07', 'Kuyun Towa', 'kc09'),
('kp09.08', 'Kuyun Uken', 'kc09'),
('kp09.09', 'Makmur', 'kc09'),
('kp09.10', 'Melala', 'kc09'),
('kp09.11', 'Paya Kolak', 'kc09'),
('kp09.12', 'Ramung Ara', 'kc09'),
('kp09.13', 'Sepakat', 'kc09'),
('kp09.14', 'Tanoh Depet', 'kc09'),
('kp09.15', 'Uning Berawang Ramung', 'kc09'),
('kp09.16', 'Blang Delem', 'kc09'),
('kp09.17', 'Depet Indah', 'kc09'),
('kp10.01', 'Takengon Timur', 'kc10'),
('kp10.02', 'Asir-Asir', 'kc10'),
('kp10.03', 'Asir-Asir Asia', 'kc10'),
('kp10.04', 'Bale Atu', 'kc10'),
('kp10.05', 'Bujang', 'kc10'),
('kp10.06', 'Hakim Bale Bujang', 'kc10'),
('kp10.07', 'Kuteni Reje', 'kc10'),
('kp10.08', 'Takengon Barat', 'kc10'),
('kp10.09', 'Gunung Suku', 'kc10'),
('kp10.10', 'Kenawat', 'kc10'),
('kp10.11', 'Pedemun One-One', 'kc10'),
('kp10.12', 'Rawe', 'kc10'),
('kp10.13', 'Toweren Antara', 'kc10'),
('kp10.14', 'Toweren Toa', 'kc10'),
('kp10.15', 'Toweren Uken', 'kc10'),
('kp10.16', 'Teluk One-One', 'kc10'),
('kp10.17', 'Merah Mersa', 'kc10'),
('kp10.18', 'Waq Toweren', 'kc10'),
('kp11.01', 'Atu Lintang', 'kc11'),
('kp11.02', 'Merah Mege', 'kc11'),
('kp11.03', 'Merah Pupuk', 'kc11'),
('kp11.04', 'Merah Munyang', 'kc11'),
('kp11.05', 'Gayo Murni', 'kc11'),
('kp11.06', 'Kepala Akal', 'kc11'),
('kp11.07', 'Tanoh Abu', 'kc11'),
('kp11.08', 'Bintang Kekelip', 'kc11'),
('kp11.09', 'Merah Jernang', 'kc11'),
('kp11.10', 'Damar Mulia', 'kc11'),
('kp11.11', 'Pantan Damar', 'kc11'),
('kp12.01', 'Merah Said', 'kc12'),
('kp12.02', 'Berawang Dewal', 'kc12'),
('kp12.03', 'Gegarang', 'kc12'),
('kp12.04', 'Telege Sari', 'kc12'),
('kp12.05', 'Jeget Ayu', 'kc12'),
('kp12.06', 'Paya Tungel', 'kc12'),
('kp12.07', 'Jagong Jeget', 'kc12'),
('kp12.08', 'Bukit Sari', 'kc12'),
('kp12.09', 'Bukit Kemuning', 'kc12'),
('kp12.10', 'Paya Dedep', 'kc12'),
('kp13.01', 'Bies Penantan', 'kc13'),
('kp13.02', 'Bies Baru', 'kc13'),
('kp13.03', 'Bies Mulie', 'kc13'),
('kp13.04', 'Arul Latong', 'kc13'),
('kp13.05', 'Simpang Lukub Badak', 'kc13'),
('kp13.06', 'Atang Jungket', 'kc13'),
('kp13.07', 'Tebes Lues', 'kc13'),
('kp13.08', 'Pucuk Deku', 'kc13'),
('kp13.09', 'Lenga', 'kc13'),
('kp13.10', 'Uning Pegantungen', 'kc13'),
('kp13.11', 'Simpang Uning Nuken', 'kc13'),
('kp13.12', 'Karang Bayur', 'kc13'),
('kp14.01', 'Arul Pertik', 'kc14'),
('kp14.02', 'Atu Singkih', 'kc14'),
('kp14.03', 'Kerawang', 'kc14'),
('kp14.04', 'Kuala Rawa', 'kc14'),
('kp14.05', 'Lut Jaya', 'kc14'),
('kp14.06', 'Mekar Maju', 'kc14'),
('kp14.07', 'Merandeh Paya', 'kc14'),
('kp14.08', 'Pantan Bener', 'kc14'),
('kp14.09', 'Pantan Tengah', 'kc14'),
('kp14.10', 'Paya Tampu', 'kc14'),
('kp14.11', 'Pilar', 'kc14'),
('kp14.12', 'Pilar Jaya', 'kc14'),
('kp14.13', 'Pilar Wih Kiri', 'kc14'),
('kp14.14', 'Rusip', 'kc14'),
('kp14.15', 'Tanjung', 'kc14'),
('kp14.16', 'Tirmi Ara', 'kc14');

-- --------------------------------------------------------

--
-- Struktur dari tabel `kecamatan`
--

CREATE TABLE IF NOT EXISTS `kecamatan` (
  `kd_kec` char(10) NOT NULL,
  `nm_kec` varchar(50) NOT NULL,
  `kd_kab` char(10) NOT NULL
) ENGINE=InnoDB DEFAULT CHARSET=utf8mb4;

--
-- Dumping data untuk tabel `kecamatan`
--

INSERT INTO `kecamatan` (`kd_kec`, `nm_kec`, `kd_kab`) VALUES
('kc01', 'Linge', 'kab01'),
('kc02', 'Silih Nara', 'kab01'),
('kc03', 'Bebesen', 'kab01'),
('kc04', 'Pegasing', 'kab01'),
('kc05', 'Bintang', 'kab01'),
('kc06', 'Ketol', 'kab01'),
('kc07', 'Kebayakan', 'kab01'),
('kc08', 'Kute Panang', 'kab01'),
('kc09', 'Celala', 'kab01'),
('kc10', 'Lut Tawar', 'kab01'),
('kc11', 'Atu Lintang', 'kab01'),
('kc12', 'Jagong Jeget', 'kab01'),
('kc13', 'Bies', 'kab01'),
('kc14', 'Rusip Antara', 'kab01');

-- --------------------------------------------------------

--
-- Struktur dari tabel `riwayatdatakab`
--

CREATE TABLE IF NOT EXISTS `riwayatdatakab` (
  `id_riwayatdata` int(5) NOT NULL,
  `id_jenis_data` int(5) NOT NULL,
  `jlh_data` float DEFAULT NULL,
  `thn` year(4) NOT NULL,
  `kd_kab` char(10) NOT NULL,
  `tayang` tinyint(1) NOT NULL
) ENGINE=InnoDB AUTO_INCREMENT=13 DEFAULT CHARSET=utf8mb4;

--
-- Dumping data untuk tabel `riwayatdatakab`
--

INSERT INTO `riwayatdatakab` (`id_riwayatdata`, `id_jenis_data`, `jlh_data`, `thn`, `kd_kab`, `tayang`) VALUES
(1, 1, 4318.39, 2019, 'kab01', 0),
(2, 2, NULL, 2019, 'kab01', 0),
(3, 3, 723, 2018, 'kab01', 0),
(4, 4, 5785, 2018, 'kab01', 0),
(5, 9, NULL, 2015, 'kab01', 0),
(6, 9, NULL, 2016, 'kab01', 0),
(7, 9, NULL, 2017, 'kab01', 0),
(8, 9, NULL, 2018, 'kab01', 0),
(9, 10, NULL, 2015, 'kab01', 0),
(10, 10, NULL, 2016, 'kab01', 0),
(11, 10, NULL, 2017, 'kab01', 0),
(12, 10, NULL, 2018, 'kab01', 0);

-- --------------------------------------------------------

--
-- Struktur dari tabel `riwayatdatakec`
--

CREATE TABLE IF NOT EXISTS `riwayatdatakec` (
  `id_riwayatdata` int(5) NOT NULL,
  `id_jenis_data` int(5) NOT NULL,
  `jlh_data` float DEFAULT NULL,
  `thn` year(4) NOT NULL,
  `kd_kec` char(10) NOT NULL,
  `tayang` tinyint(1) NOT NULL
) ENGINE=InnoDB AUTO_INCREMENT=15 DEFAULT CHARSET=utf8mb4;

--
-- Dumping data untuk tabel `riwayatdatakec`
--

INSERT INTO `riwayatdatakec` (`id_riwayatdata`, `id_jenis_data`, `jlh_data`, `thn`, `kd_kec`, `tayang`) VALUES
(1, 11, 34.5, 2019, 'kc01', 0),
(2, 12, 19.25, 2019, 'kc05', 0),
(3, 13, 0.5, 2019, 'kc10', 0),
(4, 14, 2.5, 2019, 'kc07', 0),
(5, 15, 7, 2019, 'kc04', 0),
(6, 16, 1.5, 2019, 'kc03', 0),
(7, 17, 11.3, 2019, 'kc08', 0),
(8, 18, 22, 2019, 'kc02', 0),
(9, 19, 37.75, 2019, 'kc06', 0),
(10, 20, 34.5, 2019, 'kc09', 0),
(11, 21, 60, 2019, 'kc12', 0),
(12, 22, 32, 2019, 'kc11', 0),
(13, 23, 10, 2019, 'kc13', 0),
(14, 24, 40, 2019, 'kc14', 0);

-- --------------------------------------------------------

--
-- Struktur dari tabel `riwayatdatakp`
--

CREATE TABLE IF NOT EXISTS `riwayatdatakp` (
  `id_riwayatdata` int(5) NOT NULL,
  `id_jenis_data` int(5) NOT NULL,
  `jlh_data` float DEFAULT NULL,
  `thn` year(4) NOT NULL,
  `kd_kp` char(10) NOT NULL,
  `tayang` tinyint(1) NOT NULL
) ENGINE=InnoDB DEFAULT CHARSET=utf8mb4;

-- --------------------------------------------------------

--
-- Struktur dari tabel `riwayatuser`
--

CREATE TABLE IF NOT EXISTS `riwayatuser` (
  `id_user` int(5) NOT NULL,
  `log` datetime NOT NULL
) ENGINE=InnoDB DEFAULT CHARSET=utf8mb4;

--
-- Dumping data untuk tabel `riwayatuser`
--

INSERT INTO `riwayatuser` (`id_user`, `log`) VALUES
(1, '2020-08-09 23:10:38'),
(1, '2020-08-09 23:13:20'),
(1, '2020-08-09 23:15:51'),
(1, '2020-08-09 23:19:48'),
(1, '2020-08-09 23:28:32'),
(1, '2020-08-10 19:49:42'),
(1, '2020-08-10 19:58:58'),
(1, '2020-08-10 20:49:08'),
(1, '2020-08-10 21:19:58'),
(1, '2020-08-10 21:40:27'),
(1, '2020-08-10 21:44:09'),
(1, '2020-08-10 21:48:13'),
(1, '2020-08-10 21:49:32'),
(1, '2020-08-10 21:52:52'),
(1, '2020-08-10 21:54:24'),
(1, '2020-08-10 21:57:42'),
(1, '2020-08-11 06:01:53'),
(1, '2020-08-11 06:03:51'),
(1, '2020-08-11 06:09:07'),
(1, '2020-08-11 06:19:56'),
(1, '2020-08-11 06:27:26'),
(1, '2020-08-11 08:30:02'),
(1, '2020-08-11 08:31:03'),
(1, '2020-08-12 08:08:15'),
(1, '2020-08-12 08:09:58'),
(1, '2020-08-12 08:25:18'),
(4, '2020-08-12 11:13:01'),
(3, '2020-08-12 11:30:45'),
(1, '2020-08-12 12:12:44'),
(4, '2020-08-12 12:24:53'),
(4, '2020-08-12 13:04:05'),
(1, '2020-08-12 13:07:17'),
(1, '2020-08-12 18:46:59'),
(1, '2020-08-12 18:49:52'),
(1, '2020-08-12 19:37:36'),
(1, '2020-08-12 19:50:58'),
(1, '2020-08-12 21:29:16'),
(1, '2020-08-12 21:38:36'),
(1, '2020-08-12 22:17:45'),
(1, '2020-08-12 22:29:01'),
(1, '2020-08-12 22:29:57'),
(1, '2020-08-12 22:37:36'),
(1, '2020-08-12 22:40:24'),
(1, '2020-08-12 22:52:15'),
(1, '2020-08-12 23:06:51'),
(1, '2020-08-13 12:37:17'),
(1, '2020-08-13 12:48:33'),
(1, '2020-08-13 12:50:03'),
(3, '2020-08-13 17:24:54'),
(3, '2020-08-13 17:55:04'),
(3, '2020-08-13 18:00:43'),
(1, '2020-08-13 20:01:39'),
(4, '2020-08-14 11:41:43'),
(3, '2020-08-14 11:42:37'),
(3, '2020-08-14 17:29:59'),
(1, '2020-08-14 22:12:53'),
(1, '2020-08-14 22:21:50'),
(3, '2020-08-24 16:10:52'),
(3, '2020-08-24 17:07:35'),
(3, '2020-08-25 09:53:41'),
(4, '2020-08-25 12:32:47'),
(4, '2020-08-25 16:57:33'),
(4, '2020-08-25 17:03:38'),
(3, '2020-08-26 09:51:27'),
(3, '2020-08-26 10:24:46'),
(4, '2020-08-26 11:58:31'),
(4, '2020-08-26 14:17:50'),
(3, '2020-08-31 10:27:59'),
(3, '2020-09-02 12:12:03'),
(1, '2020-09-02 12:22:37'),
(1, '2020-09-02 13:32:14'),
(1, '2020-09-02 13:50:55'),
(1, '2020-09-02 13:55:39'),
(1, '2020-09-02 13:59:53'),
(1, '2020-09-02 14:01:33'),
(1, '2020-09-02 14:08:06'),
(1, '2020-09-02 14:14:55'),
(1, '2020-09-03 11:17:26'),
(3, '2020-09-07 09:14:40'),
(3, '2020-09-07 09:16:00'),
(3, '2020-09-07 09:17:10'),
(3, '2020-09-07 09:20:41'),
(3, '2020-09-07 09:22:45'),
(3, '2020-09-07 09:24:32'),
(3, '2020-09-07 09:26:28'),
(1, '2020-09-07 09:51:06'),
(3, '2020-09-07 10:55:48'),
(3, '2020-09-07 11:15:05'),
(3, '2020-09-07 11:17:30'),
(4, '2020-09-07 11:34:05'),
(1, '2020-09-07 11:45:45'),
(1, '2020-09-07 13:43:01'),
(1, '2020-09-07 21:35:40');

-- --------------------------------------------------------

--
-- Struktur dari tabel `satuan`
--

CREATE TABLE IF NOT EXISTS `satuan` (
  `kd_sat` char(30) NOT NULL,
  `nm_sat` varchar(50) NOT NULL
) ENGINE=InnoDB DEFAULT CHARSET=utf8mb4;

--
-- Dumping data untuk tabel `satuan`
--

INSERT INTO `satuan` (`kd_sat`, `nm_sat`) VALUES
('%', 'persen'),
('19', 'Kasus'),
('Anak', 'Anak'),
('Badan', 'Badan'),
('Bahan', 'Bahan'),
('Balai', 'Balai'),
('Batang', 'Batang'),
('Biro', 'Agen'),
('Btg/Pohon', 'Batang Per Pohon'),
('Buah', 'Buah'),
('Derajat', 'Derajat'),
('Dermaga', 'Dermaga'),
('Desa', 'Desa'),
('Dokumen', 'Dokumen'),
('Ekor', 'Ekor'),
('Even', 'Even'),
('Fatwa', 'Fatwa'),
('Grup', 'Grup'),
('Ha', 'Hektar'),
('Hari', 'Hari'),
('Hotel', 'Hotel'),
('Indeks', 'Indeks'),
('Institusi', 'Institusi'),
('Judul', 'Judul'),
('Kal/Kap/Hari', 'Kalori Per Kapita Per Hari'),
('Kali', 'Kali'),
('Kamar', 'Kamar'),
('Kampung', 'Kampung'),
('Kartu', 'Kartu'),
('Kasus', 'Kasus'),
('Kawasan', 'Kawasan'),
('Kecamatan', 'Kecamatan'),
('Kegiatan', 'Kegiatan'),
('Kelompok', 'Kelompok'),
('Kg', 'Kilogram'),
('KK', 'Kepala Keluarga'),
('KL', 'Kilo Liter'),
('Klub', 'Klub'),
('Km', 'Kilometer'),
('KM2', 'kilo Meter Bujur Sangkar'),
('KT', 'Karang Taruna'),
('Kwh', 'Kilo Watt Hour'),
('Lembaga', 'Lembaga'),
('Liter', 'Liter'),
('Lokasi', 'Lokasi'),
('LSM', 'Lembaga Swadaya Masyarakat'),
('M', 'Meter'),
('m3', 'Meter Kubik'),
('mdpl', 'meter dari permukaan laut'),
('Meter', 'Meter'),
('Meter/Detik', 'Meter Per Detik'),
('Objek', 'Objek'),
('OKP', 'Organisasi Kemasyarakatan Pemuda'),
('Opini', 'Opini'),
('Orang', 'Orang'),
('Organisasi', 'Organisasi'),
('Ormas', 'Organisasi Masyarakat'),
('Pasangan', 'Pasangan'),
('Peristiwa', 'Peristiwa'),
('Persil', 'Persil'),
('Perusahaan', 'Perusahaan'),
('Polis', 'Polis'),
('Ranjang', 'Ranjang'),
('Rasio', 'Rasio'),
('Rekening', 'Rekening'),
('Rekomendasi', 'Rekomendasi'),
('Resto', 'Resto'),
('Rp', 'Rupiah'),
('Rp (juta)', 'Rupiah dalam juta'),
('RT', 'Rukun Tetangga'),
('Ruang Kelas', 'Ruang Kelas'),
('RW', 'Rukun Warga'),
('Sertifikat', 'Sertifikat'),
('SS', 'Satuan Sambungan'),
('Stasiun', 'Stasun'),
('Surat', 'Surat'),
('Tahun', 'Tahun'),
('Toko', 'Toko'),
('Ton', 'ton'),
('Ton/Ha', 'Ton Per Hektar'),
('Unit', 'Unit'),
('Usaha', 'Usaha'),
('Wilayah', 'Wilayah'),
('Yayasan', 'Yayasan');

-- --------------------------------------------------------

--
-- Struktur dari tabel `satuankerja`
--

CREATE TABLE IF NOT EXISTS `satuankerja` (
  `kd_satker` char(10) NOT NULL,
  `nm_satker` varchar(80) NOT NULL
) ENGINE=InnoDB DEFAULT CHARSET=utf8mb4;

--
-- Dumping data untuk tabel `satuankerja`
--

INSERT INTO `satuankerja` (`kd_satker`, `nm_satker`) VALUES
('01', 'BAPPEDA Kab. Aceh Tengah'),
('02', 'Badan Pusat Statistik Kab. Aceh Tengah'),
('03', 'Dinas Pertanian Kab. Aceh Tengah'),
('04', 'Dinas Pendidikan Kab. Aceh Tengah'),
('05', 'Dinas Transmigasi dan Ketenagakerjaan Kab. Aceh Tengah'),
('06', 'Dinas Sosial Kab. Aceh Tengah'),
('07', 'Dinas Kesehatan Kab. Aceh Tengah'),
('08', 'Dinas PUPR Kab. Aceh Tengah'),
('09', 'Dinas Kesbangpol Kab. Aceh Tengah'),
('10', 'Pengadilan Tinggi Takengon'),
('11', 'Disparpora'),
('12', 'Sekdakab'),
('13', 'Badan Pengelolaan Keuangan Daerah Kab. Aceh Tengah'),
('14', 'Dinas Penanaman Modal dan Perizinan'),
('15', 'Dinas Pemberdayaan Masyarakat dan Kampung'),
('16', 'Dinas Perhubungan'),
('17', 'Direktorat Pengendalian Pos dan Telekomunikasi Kemkominfo'),
('18', 'Dinas Perumahan dan Pemukiman Kab. Aceh Tengah'),
('19', 'Dinas Lingkungan Hidup Kab. Aceh Tengah'),
('20', 'BPBD Kab. Aceh Tengah'),
('21', 'Inspektorat Kab. Aceh Tengah'),
('22', 'Sekretaris DPRK Kab. Aceh Tengah'),
('23', 'BKPSDM Kab. Aceh Tengah'),
('24', 'Dinas KBPP dan Perlindungan Anak Kab. Aceh Tengah'),
('26', 'Dinas Perikanan Kab. Aceh Tengah'),
('27', 'Dinas Perdagangan, Koperasi dan UKM Kab. Aceh Tengah'),
('28', 'Dinas Kominfo Kab. Aceh Tengah'),
('29', 'Dinas Perpustakaan dan Kearsipan Kab. Aceh Tengah'),
('30', 'Dinas Pertanahan Kab. Aceh Tengah'),
('31', 'Satuan Polisi PP dan WH Kab. Aceh Tengah'),
('32', 'Dinas Kesehatan Kab. Aceh Tengah'),
('33', 'Dinas Syariat Islam dan Pendidikan Dayah Kab. Aceh Tengah'),
('34', 'Sekretariat Kopri Kab. Aceh Tengah'),
('35', 'Kecamatan Dalam Kab. Aceh Tengah'),
('36', 'Kecamatan Linge'),
('37', 'Kecamatan Silih Nara'),
('38', 'Kecamatan Bebesen'),
('39', 'Kecamatan Pegasing'),
('40', 'Kecamatan Bintang'),
('41', 'Kecamatan Ketol'),
('42', 'Kecamatan Kebayakan'),
('43', 'Kecamatan Kute Panang'),
('44', 'Kecamatan Celala'),
('45', 'Kecamatan Lut Tawar'),
('46', 'Kecamatan Atu Lintang'),
('47', 'Kecamatan Jagong Jeget'),
('48', 'Kecamatan Bies'),
('49', 'Kecamatan Rusip Antara'),
('50', 'Kemenkum HAM LP Takengon'),
('51', 'PT. Telkom'),
('52', 'Polres Aceh Tengah'),
('53', 'Pengadilan Negeri'),
('54', 'Pengadilan Syariat Takengon'),
('55', 'Dinas KB, PP, dan Perlindungan Anak'),
('56', 'BLUD Rumah Sakit Datu Beru Kab. Aceh Tengah'),
('57', 'Dinas Kependudukan dan Catatan Sipil Kab. Aceh Tengah'),
('58', 'Dinas Pendidikan Aceh'),
('59', 'Lembaga Layanan Pendidikan Tinggi Wilayah XIII Aceh'),
('60', 'Bank Indonesia Republik Indonesia'),
('61', 'Dinas Lingkungan Hidup'),
('62', 'DISHUT Aceh'),
('63', 'BMKG Aceh Besar'),
('64', 'Balai Wilayah Sungai Sumatera'),
('65', 'BKSDA Aceh'),
('66', 'Dinas Pangan Kab. Aceh Tengah'),
('67', 'Bulog Divre Takengon'),
('68', 'Kantor Imigrasi Takengon'),
('69', 'Dinas ESDM Aceh'),
('70', 'Pertamina EP-Aceh'),
('71', 'PT. PLN (Persero) Takengon'),
('72', 'Dinas Kehutanan Aceh'),
('73', 'Dinas Perdagangan, Koperasi dan UKM Aceh'),
('74', 'Sekretariat Majelis Pendidikan Daerah'),
('75', 'Baitul Maal Kab. Aceh Tengah'),
('76', 'PT. Bank BRI (Persero) Cabang Takengon'),
('77', 'PT. Bank Mandiri (Persero) Cabang Takengon'),
('78', 'PT. Bank Syariah Mandiri (Persero) Cabang Takengon'),
('79', 'PT. Bank BNI (Persero) Cabang Takengon'),
('80', 'PT. Bank Aceh'),
('81', 'PT. Pos Indonesia (Persero)'),
('82', 'PT. Tusam Hutani Lestari'),
('83', 'PT. Ihtiyeri Keti Ara'),
('84', 'Koperasi KPQ Baburrayan'),
('85', 'PT. Bank BTPN'),
('86', 'PT. Bank PR Syariah Renggali'),
('87', 'BPJS Ketenagakerjaan Kab. Aceh Tengah'),
('88', 'BPJS Kesehatan Kab. Aceh Tengah'),
('89', 'Majelis Adat Gayo'),
('90', 'Sekretariat MPU');

-- --------------------------------------------------------

--
-- Struktur dari tabel `sektor`
--

CREATE TABLE IF NOT EXISTS `sektor` (
  `kd_sek` char(10) NOT NULL,
  `nm_sek` varchar(80) NOT NULL
) ENGINE=InnoDB DEFAULT CHARSET=utf8mb4;

--
-- Dumping data untuk tabel `sektor`
--

INSERT INTO `sektor` (`kd_sek`, `nm_sek`) VALUES
('01', 'Umum'),
('02', 'Ketentraman'),
('03', 'KB, PP & Perlindungan Anak'),
('04', 'Kebudayaan'),
('05', 'Kesehatan'),
('06', 'Pendidikan'),
('07', 'Kearsipan'),
('08', 'Kepemudaan dan Olahraga'),
('09', 'Komunikasi dan Informatika'),
('10', 'Koperasi'),
('11', 'Lingkungan Hidup'),
('12', 'Pangan'),
('13', 'Pemberdayaan Masyarakat dan Kampung'),
('14', 'KB, PP DAN PA'),
('15', 'Perizinan dan Penanaman Modal'),
('16', 'Perhubungan'),
('17', 'Perpustakaan'),
('18', 'Pertanahan'),
('19', 'Pekerjaan Umum dan Penataan Ruang'),
('20', 'Perumahan dan Pemukiman'),
('21', 'Sosial'),
('22', 'Transmigrasi'),
('23', 'Administrasi Kependudukan'),
('24', 'ESDM'),
('25', 'Kehutanan'),
('26', 'Perindustrian'),
('27', 'Pariwisata dan Pemuda Olah Raga'),
('28', 'Perikanan'),
('29', 'Pertanian'),
('30', 'Transmigrasi dan Tenaga Kerja'),
('31', 'Baitul Maal'),
('32', 'Jaminan Sosial Masyarakat'),
('33', 'Keagamaan'),
('34', 'Majelis Adat Gayo'),
('35', 'Majelis Pendidikan Daerah'),
('36', 'Sekretariat MPU'),
('37', 'Profil Pendidikan Dayah');

-- --------------------------------------------------------

--
-- Struktur dari tabel `subsektor`
--

CREATE TABLE IF NOT EXISTS `subsektor` (
  `id_subsek` int(5) NOT NULL,
  `nm_subsek` varchar(255) NOT NULL,
  `kd_satker` char(10) NOT NULL,
  `kd_sek` char(10) NOT NULL
) ENGINE=InnoDB AUTO_INCREMENT=996 DEFAULT CHARSET=utf8mb4;

--
-- Dumping data untuk tabel `subsektor`
--

INSERT INTO `subsektor` (`id_subsek`, `nm_subsek`, `kd_satker`, `kd_sek`) VALUES
(8, 'Luas Wilayah Geografis Kab. Aceh Tengah', '01', '01'),
(9, 'Letak Geografis Aceh', '02', '01'),
(10, 'Jumlah Produksi Komoditas Pangan Nabati (Ton) dan Ketersediaan Energi dan Protein  Kab. Aceh Tengah', '03', '12'),
(11, 'Jumlah Produksi Komoditas Pangan Nabati (Ton) Kab. Aceh Tengah', '03', '12'),
(12, 'Ketersediaan Energi Protein Kab. Aceh Tengah', '66', '12'),
(13, 'Batas Wilayah Kampung Kab. Aceh Tengah', '01', '01'),
(14, 'Jarak Ibukota Kabupaten Ke Ibukota Kecamatan Kab. Aceh Tengah', '01', '01'),
(15, 'Jumlah Wilayah Kecamatan Kab. Aceh Tengah', '01', '01'),
(16, 'Ketinggian Rerata Wilayah Ibukota Kabupaten dan Ibukota Kecamatan Kab. Aceh Tengah', '01', '01'),
(17, 'Batas Wilayah Kampung Kab. Aceh Tengah', '01', '01'),
(18, 'Persentase RKPD yang Sesuai Dengan RPMJD Kab. Aceh Tengah', '01', '01'),
(19, 'Persentase Rencana Kerja Perangkat Daerah yang Sesuai RKPD Kab. Aceh Tengah', '01', '01'),
(20, 'Persentase Rencana Strategis Perangkat Daerah dengan Kualitas Baik Kab. Aceh Tengah', '01', '01'),
(21, 'Persentase Program Dalam RKPD yang Dituangkan dalam Kebijakan Umum Anggaran dan Prioritas Plafon Anggaran Sementara Kab. Aceh Tengah', '01', '01'),
(22, 'Persentase Aspirasi/Usulan Masyarakat Dalam Musyawarah Perencanaan Pembangunan yang Diakomodir Pada Dokumen Perencanaan Kab. Aceh Tengah', '01', '01'),
(23, 'Persentase Kesesuaian Program Bidang Ekonomi dalam Renja Perangkat Daerah Terhadap RKPD Kab. Aceh Tengah', '01', '01'),
(24, 'Persentase Kesesuaian Program Bidang Insfrastruktur dan Pengembangan Wilayah dalam Renja Perangkat Daerah Terhadap RKPD Kab. Aceh Tengah', '01', '01'),
(25, 'PDRB Atas Harga Berlaku Menurut Lapangan Usaha Kab. Aceh Tengah', '01', '01'),
(26, 'Persentase Peningkatan Pemanfaatan Teknologi Tepat Guna Kab. Aceh Tengah', '03', '01'),
(27, 'Nilai Tukar Petani dan Nilai Tukar Nelayan Kab. Aceh Tengah', '03', '01'),
(28, 'Persentase Luas Areal Pertanian yang Dijalani Jaringan Irigasi Kab. Aceh Tengah', '03', '01'),
(29, 'Peningkatan Produksi Komoditas Tanaman Pangan Kab. Aceh Tengah', '03', '01'),
(30, 'Persentase Peningkatan Komoditas Hortikultura Kab. Aceh Tengah', '03', '01'),
(31, 'Persentase Peningkatan Komoditas Perkebunan Kab. Aceh Tengah', '03', '01'),
(32, 'Persentase Peningkatan Indeks Pertamanan Padi Kab. Aceh Tengah', '03', '01'),
(33, 'Persentase Peningkatan Produksi Daging Kab. Aceh Tengah', '03', '01'),
(34, 'Persentase Peningkatan Produksi Telur Kab. Aceh Tengah', '03', '01'),
(35, 'Persentase Peningkatan Produksi Susu Kab. Aceh Tengah', '03', '01'),
(36, 'Persentase Peningkatan Pendapatan Peternak Sapi Potong Kab. Aceh Tengah', '03', '01'),
(37, 'Persentase Peningkatan Pendapatan Peternak Sapi Perah Kab. Aceh Tengah', '03', '01'),
(38, 'Persentase Peningkatan Pendapatan Peternak Unggas Kab. Aceh Tengah', '03', '01'),
(39, 'Persentase Lumbung Pangan Desa Kab. Aceh Tengah', '03', '01'),
(40, 'Peersentase Coifiensi Variasi (CV) Harga Pangan di tingkat Konsumen Kab. Aceh Tengah', '03', '01'),
(41, 'Persentase Kenaikan Skor Pola Pangan Harapan Kab. Aceh Tengah', '03', '01'),
(42, 'Persentase Keamanan Pangan Segar Asal tumbuhan Kab. Aceh Tengah', '03', '01'),
(43, 'Rata Rata Lama Sekolah Kab. Aceh Tengah', '04', '01'),
(44, 'Angka Melek huruf Kab. Aceh Tengah', '04', '01'),
(45, 'Persentase Guru Berkhelayakan Atau Telah Memenuhi S1/D4 Jenjang SD dan SMP Kab. Aceh Tengah', '04', '01'),
(46, 'Persentase Pendidik dan Tenaga Kependidikan yang Tersertifikasi Jenjang SD/SMP Kab. Aceh Tengah', '04', '01'),
(47, 'Persentase APK Jenjang Pendidikan Anak Usia Dini (PAUD) Kab. Aceh Tengah', '04', '01'),
(48, 'Persentase APK Jenjang Sekolah Dasar (SD) Kab. Aceh Tengah', '04', '01'),
(49, 'Persentase APK Jenjang Sekolah Menengah Pertama (SMP) Kab. Aceh Tengah', '04', '01'),
(50, 'Persentase APM Jenjang Sekolah Menengah Pertama (SMP) Kab. Aceh Tengah', '04', '01'),
(51, 'Persentase Angka Kelulusan Jenjang SD Kab. Aceh Tengah', '04', '01'),
(52, 'Persentase Angka Kelulusan Jenjang SMP Kab. Aceh Tengah', '04', '01'),
(53, 'Persentase Angka Rata-Rata Lama Belajar Jenjang SD Kab. Aceh Tengah', '04', '01'),
(54, 'Persentase Angka Rata-Rata Lama Belajar Jenjang SMP Kab. Aceh Tengah', '04', '01'),
(55, 'Persentase Angka Putus Sekolah Jenjang SD Kab. Aceh Tengah', '04', '01'),
(56, 'Persentase Angka Putus Sekolah Jenjang SMP Kab. Aceh Tengah', '04', '01'),
(57, 'Persentase melanjutkan Jenjang SMP Kab. Aceh Tengah', '04', '01'),
(58, 'Rata-Rata Lama Bekerja Kab. Aceh Tengah', '05', '01'),
(59, 'Tingkat Pengangguran Kab. Aceh Tengah', '05', '01'),
(60, 'Persentase Peningkatan Pencari Kerja yang Ditempatkan Kab. Aceh Tengah', '05', '01'),
(61, 'Persentase Peningkatan Potensi Penyerapan Tenaga Kerja Kab. Aceh Tengah', '05', '01'),
(62, 'Persentase Upah Minimum Terhadap Kebutuhan Hidup Layak Kab. Aceh Tengah', '05', '01'),
(63, 'Persentase Penyelesaian Kasus Perselisihan Hubungan Industrial Kab. Aceh Tengah', '05', '01'),
(64, 'Persentase Lulusan Pelatihan Yang Memiliki Keterampilan/Kompetensi Kab. Aceh Tengah', '05', '01'),
(65, 'Tingkat Kemiskinan Kab. Aceh Tengah', '06', '01'),
(66, 'Persentase Penyandang Cacat Fisik dan Mental, Korban Traficking Serta Lanjut Usia Tidak Potensial Yang Menerima Program Layanan Rehabilitasi dan Jaminan Sosial Kab. Aceh Tengah', '06', '01'),
(67, 'Persentase Penanganan Keluarga Fakir Miskin yang Mendapatkan Program Pendampingan, Pemberdayaan dan Penyaluran Bantuan Stimulan Serta Penataan Lingkungan Sosial Kab. Aceh Tengah', '06', '01'),
(68, 'Persentase Warga yang Mendapatkan Program Perlindungan Sosial, Korban Bencana Alam, Perlindungan Sosial Korban Bencana Sosial dan Jaminan Sosial Keluarga Kab. Aceh Tengah', '06', '01'),
(69, 'Angka Harapan Hidup Kab. Aceh Tengah', '07', '01'),
(70, 'Angka Kematian Bayi Kab. Aceh Tengah', '07', '01'),
(71, 'Angka Kematian Ibu Kab. Aceh Tengah', '07', '01'),
(72, 'Angka Prevelansi Gizi Buruk Kab. Aceh Tengah', '07', '01'),
(73, 'Indeks Kepuasan Masyarakat Terhadap Pelayanan Kesehatan Di Puskesmas Kab. Aceh Tengah', '07', '01'),
(74, 'Cakupan Pelayanan Kesehatan Bagi Masyarakat Miskin Kab. Aceh Tengah', '07', '01'),
(75, 'Prevelansi Balita Gizi Buruk Kab. Aceh Tengah', '07', '01'),
(76, 'Penanganan Kejadian Luar Biasa Desa/Kelurahan Kab. Aceh Tengah', '07', '01'),
(77, 'Tingkat Kemahalan Kontruksi Kab. Aceh Tengah', '08', '01'),
(78, 'Persentase Jalan Kabupaten Dalam Kondisi Baik/Mantap Kab. Aceh Tengah', '08', '01'),
(79, 'Persentase Jembatan Kabupaten Yang Sesuai Standar Kab. Aceh Tengah', '08', '01'),
(80, 'Persentase Kecukupan Debit Air Irigasi Terhadap Luas Areal Pertanian Kab. Aceh Tengah', '08', '01'),
(81, 'Persentase Peningkatan Luas Area Pertanian yang Dilayani Jaringan Irigasi Kab. Aceh Tengah', '08', '01'),
(82, 'Persentase Panjang Saluran Primer dan Sekunder Dalam Kondisi Baik Kab. Aceh Tengah', '08', '01'),
(83, 'Persentase Luas Pemanfaatan Ruang yang Sesuai Dengan Rencana Tata Ruang Kab. Aceh Tengah', '08', '01'),
(84, 'Persentase Kesepakatan/Rekomendasi Hasil Pertemuan FKUB yang Ditindaklanjuti Kab. Aceh Tengah', '09', '01'),
(85, 'Persentase Hasil Kegiatan Kelitbangan yang Sesuai Dengan Strategi Pembangunan Pemerintah Kab. Aceh Tengah', '09', '01'),
(86, 'ersentase Program/Kegiatan Peningkatan Inovasi Daerah Kab. Aceh Tengah', '09', '01'),
(87, 'Persentase Penurunan Angka Potensi Konflik Kab. Aceh Tengah', '09', '01'),
(88, 'Persentase Pencegahan Dini Potensi Konflik Kab. Aceh Tengah', '09', '01'),
(89, 'Persentase Tingkat Keaktifan FKUB Kab. Aceh Tengah', '09', '01'),
(90, 'Persentase Peningkatan Cakupan Pendidikan Wawasan Kebangsaan Kab. Aceh Tengah', '09', '01'),
(91, 'Persentase Cakupan Pendidikan Politik Masyarakat Kab. Aceh Tengah', '09', '01'),
(92, 'Persentase Petugas Linmas yang Mendapatkan Pelatihan Kab. Aceh Tengah', '09', '01'),
(93, 'Persentase Penanganan Perkara Perdata dan Tata Usaha Negara Kab. Aceh Tengah', '10', '01'),
(94, 'Persentase Pemberdayaan Kelompok Seni dan Budaya Lokal Kab. Aceh Tengah', '11', '01'),
(95, 'Persentase Partisipasi Masyarakat Dalam Kegiatan Kebudayaan Lokal Kab. Aceh Tengah', '11', '01'),
(96, 'Persentase Jumlah Kelompok Pemuda Produktif yang Berprestasi Kab. Aceh Tengah', '11', '01'),
(97, 'Persentase Peningkatan Sarana dan Prasarana Keolahragaan Yang Berfungsi Baik Kab. Aceh Tengah', '11', '01'),
(98, 'Indeks Survei Kepuasan Masyarakat Kab. Aceh Tengah', '12', '01'),
(99, 'Nilai Akuntabilitas Kinerja Instansi Pemerintah (AKIP) Pemerintah Kab. Aceh Tengah', '12', '01'),
(100, 'Nilai LPPD Pemerintah Kab. Aceh Tengah', '12', '01'),
(101, 'Persentase Capaian Target Kinerja Program Diatas 80% Kab. Aceh Tengah', '12', '01'),
(102, 'Ketepatan Waktu Penyusunan Laporan Penyelenggaraan Pemerintah Daerah Kab. Aceh Tengah', '12', '01'),
(103, 'Persentase Penyelesaian BAtas Wilayah Kabupaten Kab. Aceh Tengah', '12', '01'),
(104, 'Persentase Penyelesaian Batas Wilayah Kabupaten Kab. Aceh Tengah', '12', '01'),
(105, 'Persentase Penerbitan Produk Hukum Daerah Kab. Aceh Tengah', '12', '01'),
(106, 'Persentase Penanganan Perkara dan Bantuan Hukum Kepada Masyarakat Miskin Kab. Aceh Tengah', '12', '01'),
(107, 'Persentase Penyuluhan Hukum Yang Dilaksanakan Kab. Aceh Tengah', '12', '01'),
(108, 'Persentase Peningkatan Kesejahteraan Masyarakat Meliputi Bidang Sosial, Bidang Kesehatan Masyarakat, dan Pemberdayaan Perempuan dan Perlindungan Anak Bidang Kab. Aceh Tengah', '12', '01'),
(109, 'Persentase Kelancaran Pelaporan Hasil Monitoring dan Evaluasi Di Bidang Perekonomian Kab. Aceh Tengah', '12', '01'),
(110, 'Persentase Kerja Sama Antar Daerah/Luar Negeri dan Lembaga Ditindaklanjuti Menjadi Naskah Kerja Sama Kab. Aceh Tengah', '12', '01'),
(111, 'Persentase Hasil Pembangunan Fisik dan Non Fisik Kab. Aceh Tengah', '12', '01'),
(112, 'Persentase Paket Yang Dilelang Kab. Aceh Tengah', '12', '01'),
(113, 'Persentase Bahan Perumusan, Pemantauan dan Evaluasi Kebijakan Sumber Daya Alam Yang DIrekomendasikan Kab. Aceh Tengah', '12', '01'),
(114, 'Persentase Pelayanan Kunjungan Tamu Dinas Kab. Aceh Tengah', '12', '01'),
(115, 'Persentase Rapat Dinas Yang Dilayani Kab. Aceh Tengah', '12', '01'),
(116, 'Persentase Pemeliharaan Kendaraan Dinas Bupati/Wakil Bupati dan Pool Kab. Aceh Tengah', '12', '01'),
(117, 'Tingkat Efektifitas Penanganan Surat Masuk, SUrat Keluar dan Telekomunikasi (Berita Masuk dan Berita Keluar) Kab. Aceh Tengah', '12', '01'),
(118, 'Persentase Publikasi Kebijakan Pemerintah Daerah Melalui Sambutan Kab. Aceh Tengah', '12', '01'),
(119, 'Persentase Peliputan dan Pemberitahuan Kegiatan Pemerintah Daerah Kab. Aceh Tengah', '12', '01'),
(120, 'Persentase Terdokumentasikannya Pemberitaan Pemerintah Daerah Dalam Bentuk Kliping Kab. Aceh Tengah', '12', '01'),
(121, 'Persentase Pelayanan Keprotokolan Atas Kegiatan Pemerintah Daerah Kab. Aceh Tengah', '12', '01'),
(122, 'Persentase Monitoring Kelembagaan Perangkat Daerah Kab. Aceh Tengah', '12', '01'),
(123, 'Persentase Perangkat Daerah Yang Mendapat Nilai Minimal B Kab. Aceh Tengah', '12', '01'),
(124, 'Persentase Perangkat Daerah Yang Menyusun Data Anjab/ABK/SKJ Kab. Aceh Tengah', '12', '01'),
(125, 'Jumlah Organisasi Pemerintah Daerah/Pusat/Provinsi Kab. Aceh Tengah', '12', '01'),
(126, 'Persentase Perangkat Daerah Yang Menyusun Inovasi Pelayanan Publik Kab. Aceh Tengah', '12', '01'),
(127, 'Opini Badan Pemeriksa Keuangan Republik Indonesia (BPK RI)', '13', '01'),
(128, 'Persentase SPM Perangkat Daerah Yang Sesuai Ketentuan Kab. Aceh Tengah', '13', '01'),
(129, 'Persentase RKA Perangkat Daerah Yang Sesuai Ketentuan Kab. Aceh Tengah', '13', '01'),
(130, 'Persentase Perangkat Daerah Yang Menyampaikan Laporan Keuangan Yang Sesuai Ketentuan Kab. Aceh Tengah', '13', '01'),
(131, 'Persentase Laporan Inventaris BMD PD Yang Sesuai Ketentuan Kab. Aceh Tengah', '13', '01'),
(132, 'Persentase Pemanfaatan, Penghapusan dan Pemindahtanganan BMD Yang Sesuai Ketentuan Kab. Aceh Tengah', '13', '01'),
(133, 'Persentase Tingkat Kemandirian Keuangan Daerah Kab. Aceh Tengah', '13', '01'),
(134, 'Persentase Penyelesaian Ajuan Layanan PBB Yang Optimal Kab. Aceh Tengah', '13', '01'),
(135, 'Persentase Bangunan Berkondisi Baik dan Representatif (Aset BMD) Kab. Aceh Tengah', '13', '01'),
(136, 'Persentase Dokumen Pedoman APBK dan Standar Harga yang Disusun Tepat Waktu Kab. Aceh Tengah', '13', '01'),
(137, 'Persentase Pemeliharaan Gedung/Kantor Kab. Aceh Tengah', '13', '01'),
(138, 'Jumlah Pendapatan Asli Daerah Kab. Aceh Tengah', '13', '01'),
(139, 'Jumlah Pendapatan Dana Perimbangan Kab. Aceh Tengah', '13', '01'),
(140, 'Lain-Lain Pendapatan Daerah Yang Sah Kab. Aceh Tengah', '13', '01'),
(141, 'Jumlah Belanja Tidak Lansung Kab. Aceh Tengah', '13', '01'),
(142, 'Jumlah Belanja Lansung Kab. Aceh Tengah', '13', '01'),
(143, 'Jumlah Penerimaan Pembiayaan Kab. Aceh Tengah', '13', '01'),
(144, 'Jumlah Pengeluaran Pembiayaan Kab. Aceh Tengah', '13', '01'),
(145, 'Pembiayaan Netto Kab. Aceh Tengah', '13', '01'),
(146, 'Sisa Lebih Pembiayaan ANggaran Kab. Aceh Tengah', '13', '01'),
(147, 'Aset Lancar Kab. Aceh Tengah', '13', '01'),
(148, 'Investasi Jangka Panjang Kab. Aceh Tengah', '13', '01'),
(149, 'Aset Tetap Kab. Aceh Tengah', '13', '01'),
(150, 'Dana Cadangan Kab. Aceh Tengah', '13', '01'),
(151, 'Aset Lainnya Kab. Aceh Tengah', '13', '01'),
(152, 'Kewajiban Jangka Pendek Kab. Aceh Tengah', '13', '01'),
(153, 'Kewajiban Jangka Panjang Kab. Aceh Tengah', '13', '01'),
(154, 'Ekuitas Kab. Aceh Tengah', '13', '01'),
(155, 'Rasio Lancar Kab. Aceh Tengah', '13', '01'),
(156, 'Rasio Quick (%) Kab. Aceh Tengah', '13', '01'),
(157, 'Rasio Total Hutang Terhadap Total Aset Kab. Aceh Tengah', '13', '01'),
(158, 'Rasio Hutang Terhadap Modal Kab. Aceh Tengah', '13', '01'),
(159, 'Investasi Jangka Panjang Kab. Aceh Tengah', '14', '01'),
(160, 'Persentase Peningkatan Jumlah Investor Baru Kab. Aceh Tengah', '14', '01'),
(161, 'Persentase Pertumbuhan Nilai Investasi Kab. Aceh Tengah', '14', '01'),
(162, 'Capaian Nilai SKM Kab. Aceh Tengah', '14', '01'),
(163, 'Persentase Penyelesaian Perizinan Kab. Aceh Tengah', '14', '01'),
(164, 'Persentase Penggunaan Dana Desa Untuk Pembangunan Desa Kab. Aceh Tengah', '15', '01'),
(165, 'Persentase Peningkatan Status Desa Mandiri Kab. Aceh Tengah', '15', '01'),
(166, 'Persentase Penyampaian Laporan Keuangan Desa Tepat Waktu dan Sesuai Peraturan Bupati Kab. Aceh Tengah', '15', '01'),
(167, 'Persentase Peningkatan Swadaya Masyarakat Kab. Aceh Tengah', '15', '01'),
(168, 'Persentase Peningkatan Pembentukan Bumdes Kab. Aceh Tengah', '15', '01'),
(169, 'Persentase Fasilitas Perlengkapan Jalan (MARKA) Pada Kalan Kabupaten Kab. Aceh Tengah', '16', '01'),
(170, 'Persentase Halte Dalam Setiap Wilayah Yang Telah Dilayani Angkutan Umum Kab. Aceh Tengah', '16', '01'),
(171, 'Persentase Fasilitas Perlengkapan Jalan (Marka Jalan) Pada Jalan Kabupaten Kab. Aceh Tengah', '16', '01'),
(172, 'Persentase Kendaraan Bermotor Layak Jalan Kabupaten Kab. Aceh Tengah', '16', '01'),
(173, 'Persentase Wilayah Yang Terlayani Jaringan Internet Kab. Aceh Tengah', '17', '01'),
(174, 'Persentase Tingkat Pelayanan Air Bersih Kab. Aceh Tengah', '18', '01'),
(175, 'Persentase Tingkat Penanganan Air Limbah Kab. Aceh Tengah', '18', '01'),
(176, 'Persentase Ketersediaan Rumah Layak Huni Kab. Aceh Tengah', '18', '01'),
(177, 'Persentase Panjang Saluran Air Sekunder Dalam Kondisi Baik Kab. Aceh Tengah', '18', '01'),
(178, 'Persentase Penduduk Yang Mendapatkan Akses Air Minum Kab. Aceh Tengah', '18', '01'),
(179, 'Persentase Rumah Tangga Terlayani Sistem Perpipaan Kab. Aceh Tengah', '18', '01'),
(180, 'Persentase Lingkungan Pemukiman Kumuh Kab. Aceh Tengah', '18', '01'),
(181, 'Persentase Penduduk Yang Terlayani Sarana Pengelolaan Air Limbah Kab. Aceh Tengah', '18', '01'),
(182, 'Persentase Ketersediaan Rumah Layak Huni Kab. Aceh Tengah', '18', '01'),
(183, 'Indeks Kualitas Lingkungan Hidup/IKLH Kab. Aceh Tengah', '19', '01'),
(184, 'Indeks Pencemaran Air (IPA) Kab. Aceh Tengah', '19', '01'),
(185, 'Persentase Penanganan Sampah Kab. Aceh Tengah', '19', '01'),
(186, 'Persentase Penanganan Sampah Kab. Aceh Tengah', '19', '01'),
(187, 'Jumlah Desa Tangguh Bencana Kab. Aceh Tengah', '20', '01'),
(188, 'Persentase Penanganan Bencana Kab. Aceh Tengah', '20', '01'),
(189, 'Persentase Peningkatan Jumlah Desa Tangguh Bencana Kab. Aceh Tengah', '20', '01'),
(190, 'Persentase Kemampuan Tentang Kebencanaan Kab. Aceh Tengah', '20', '01'),
(191, 'Persentase Pemberdayaan Masyarakat Dalam Pengurangan Resiko Bencana dan Penanggulangan Bencana Kab. Aceh Tengah', '20', '01'),
(192, 'Persentase Penanganan Darurat Bencana Kab. Aceh Tengah', '20', '01'),
(193, 'Persentase Peningkatan Kejadian Kebakaran Kab. Aceh Tengah', '20', '01'),
(194, 'Persentase Perangkat Daerah Yang Tidak Mempunyai Temuan Terkait Kerugian Daerah Dari HAsil Pemeriksaan BPK-RI Kab. Aceh Tengah', '21', '01'),
(195, 'Persentase Tindak Lanjut Hasil Pemeriksaan (TLHP) APIP Kab. Aceh Tengah', '21', '01'),
(196, 'Persentase Tindak Lanjut Hasil Pemeriksaan (TLHP) Pengawas Eksternal Kab. Aceh Tengah', '21', '01'),
(197, 'Persentase Pemeriksaan Non Reguler (Kasus) Yang Diselesaikan Kab. Aceh Tengah', '21', '01'),
(198, 'Persentase Perangkat Daerah dengan Hasil SAKIP Min. 8 Kab. Aceh Tengah', '21', '01'),
(199, 'Persentase Layanan Administrasi Kepada Angota Dewan Perwakilan Rakyat Daerah (DPRK) Kab. Aceh Tengah', '22', '01'),
(200, 'Persentase Layanan Administrasi Keuangan Kepada Angota Dewan Perwakilan Rakyat Daerah (DPRK) Kab. Aceh Tengah', '22', '01'),
(201, 'Persentase Layanan Fasilitasi Raperda Kepada Angota Dewan Perwakilan Rakyat Daerah (DPRK) Kab. Aceh Tengah', '22', '01'),
(202, 'Jumlah Anggota DPRD Kabupaten Aceh Tengah Menurut Partai Politik', '22', '01'),
(203, 'Jumlah Fraksi Kabupaten Aceh Tengah', '22', '01'),
(204, 'Jumlah Kegiatan DPRK Kabupaten Aceh Tengah', '22', '01'),
(205, 'Persentase Aparatur yang Memiliki Kompetensi Manajerial Kabupaten Aceh Tengah', '23', '01'),
(206, 'Persentase Aparatur Yang Mengikuti Pembinaan Dan Pengembangan Kompetensi Kab. Aceh Tengah', '23', '01'),
(207, 'Persentase Ketepatan Pelayanan Mutasi Jabatan dan Kepangkatan Aparatur Kab. Aceh Tengah', '23', '01'),
(208, 'Persentase Peningkatan dan Pengembangan Data Serta Informasi Kepegawaian Kab. Aceh Tengah', '23', '01'),
(209, 'Jumlah Pegawai Tetap Berdasarkan Tingkat Pendidikan Kab. Aceh Tengah', '23', '01'),
(210, 'Jumlah Pegawai Tetap Berdasarkan Golongan Kab. Aceh Tengah', '23', '01'),
(211, 'Jumlah Pegawai Tetap Berdasarkan Jenis Kelamin Kab. Aceh Tengah', '23', '01'),
(212, 'Jumlah Pegawai Honor/Kontrak/Sejenisnya (Bergaji Bulanan) Kab. Aceh Tengah', '23', '01'),
(213, 'Jumlah Pegawai Bakti Kab. Aceh Tengah', '23', '01'),
(214, 'Jumlah Pegawai Bakti Kabupaten Aceh Tengah', '23', '01'),
(215, 'Persentase Data Keluarga dan KB di Desa/Kelurahan Kab. Aceh Tengah', '24', '01'),
(216, 'Persentase PUS Risti (Resiko Tinggi) ber KB (Program Contraceptive for Woman at Risk) Kab. Aceh Tengah', '24', '01'),
(217, 'Persentase Pembantu Pembina Keluarga Berencana Desa (PPKBD) Mandiri Kab. Aceh Tengah', '24', '01'),
(218, 'Persentase Kelompok Pusat Informasi dan Konseling Remaja (PIK) Remaja Tegar Kab. Aceh Tengah', '24', '01'),
(219, 'Persentase PUS Anggota Kelompok BKB yang ber KB Tegar Kab. Aceh Tengah', '24', '01'),
(220, 'Persentase Kelompok Usaha Peningkatan Pendapatan Keluarga Sejahtera (UPPKS) Mandiri Kab. Aceh Tengah', '24', '01'),
(221, 'Persentase Peraturan PUG dan PUHA yang Responsive Gender Kab. Aceh Tengah', '24', '01'),
(222, 'Persentase Capaian Indikator KLA Kab. Aceh Tengah', '24', '01'),
(223, 'Rasio KDRT Kab. Aceh Tengah', '24', '01'),
(224, 'Capaian Indikator Ketahanan Keluarga Kab. Aceh Tengah', '24', '01'),
(225, 'Persentase APK Jenjang Sekolah Menengah Atas SMA/SMK/MA/Sederajat Kab. Aceh Tengah', '04', '01'),
(226, 'Persentase APM Jenjang Sekolah Menengah Atas SMA/SMK/MA/Sederajat Kab. Aceh Tengah', '04', '01'),
(227, 'Persentase Angka Rata-Rata Lama Belajar Jenjang SMA/SMK/MA/Sederajat Kab. Aceh Tengah', '04', '01'),
(228, 'Persentase Angka Putus Sekolah Jenjang SMA/SMK/MA/Sederajat Kab. Aceh Tengah', '04', '01'),
(229, 'Persentase Peningkatan Produksi Perikanan Tangkap Kab. Aceh Tengah', '26', '01'),
(230, 'Persentase Peningkatan Produksi Perikanan Budidaya Kab. Aceh Tengah', '26', '01'),
(231, 'Persentase Pengkatan Konsumsi Ikan Per Kapita Per Tahun Kab. Aceh Tengah', '26', '01'),
(232, 'Persentase Tingkat Pertumbuhan Industri Kecil Menengah Formal dan Non Formal Kab. Aceh Tengah', '27', '01'),
(233, 'Jumlah ALat Ukur, Takar Timbang dan Perlengkapannya (UTTP) Bertanda Tera Sah Kab. Aceh Tengah', '27', '01'),
(234, 'Persentase Pencapaian Target Pendapatan Asli Daerah Retribusi Pelayanan Pasar Kab. Aceh Tengah', '27', '01'),
(235, 'Persentase Koperasi Aktif Kab. Aceh Tengah', '27', '01'),
(236, 'Persentase Pertumbuhan UMKM Kab. Aceh Tengah', '27', '01'),
(237, 'Persentase Visitors Pemerintah Kab. Aceh Tengah', '28', '01'),
(238, 'Persentase Kecamatan Yang Memiliki Komunikasi dan Informasi Masyarakat dan Telecenter Kab. Aceh Tengah', '28', '01'),
(239, 'Persentase Informasi Terpublish di Website PD dan Pemerintah Kamoung Kab. Aceh Tengah', '28', '01'),
(240, 'Persentase Jaringan Terpasang Internet di PD & di Kantor Kampung Kab. Aceh Tengah', '28', '01'),
(241, 'Persentase Peningkatan Minat Baca Buku Perpustakaan Umum Daerah Kab. Aceh Tengah', '29', '01'),
(242, 'Persentase Peningkatan Arsip Terpelihara dan Dokumentasi Kegiatan Daerah Kab. Aceh Tengah', '29', '01'),
(243, 'Persentase Pengadaan Tanah Aset Pemerintah Kab. Aceh Tengah', '30', '01'),
(244, 'Persentase Permasalahan Tanah yang Ditangani Kab. Aceh Tengah', '30', '01'),
(245, 'Persentase Penanganan Kasus Pelanggaran Qanun Kab. Aceh Tengah', '31', '01'),
(246, 'Persentase Gangguan Tantribun yang Diselesaikan Kab. Aceh Tengah', '31', '01'),
(247, 'Persentase Tingkat Hunian Rumah Sakit (BOR/Bed Occupancy Rate) Kab. Aceh Tengah', '32', '01'),
(248, 'Rata-Rata Lama Tempat Tidur Rumah Sakit Kosong/Tidak Terisi(TOI/Turn Over Interval) Kab. Aceh Tengah', '32', '01'),
(249, 'Frekwensi Pemakaian Tempat Tidur Rumah Sakit Dalam Kurun Waktu (BTO/Bed Turn Over) Kab. Aceh Tengah', '32', '01'),
(250, 'Angka Kematian Umum Rumah Sakit Tiap 1000 Pasien Keluar (GDR) Kab. Aceh Tengah', '32', '01'),
(251, 'Angka Kematian Rumah Sakit >48 Jam Tiap 1000 Pasien Keluar (NDR) Kab. Aceh Tengah', '32', '01'),
(252, 'Persentase Capaian Pendapatan Rumah Sakit Tahun Berjalan Kab. Aceh Tengah', '32', '01'),
(253, 'Persentase Tenaga Medis Rumah Sakit Sesuai Dengan Standar Klarifikasi Kab. Aceh Tengah', '32', '01'),
(254, 'Persentase Tenaga Keperawatan Rumah Sakit Yang Memenuhi Standar Kompetensi Kab. Aceh Tengah', '32', '01'),
(255, 'Persentase Kelengkapan Alat Kesehatan Rumah Sakit Yang Terstandar Kab. Aceh Tengah', '32', '01'),
(256, 'Persentase Kelengkapan Sarana Gedung/Fisik Rumah Sakit Sesuai Standar Kab. Aceh Tengah', '32', '01'),
(257, 'Persentase Pengembangan Pengetahuan Keagamaan dan Pembinaan Mental Masyarakat Kab. Aceh Tengah', '33', '01'),
(258, 'Perentase Tempat Obadah', '01', '01'),
(259, 'Persentase Tempat Ibadah, Pondok Pesantren yang Difasilitasi dalam Peningkatan Kualitas Sarana dan Prasarananya Kab. Aceh Tengah', '33', '01'),
(260, 'Persentase Kuantitas Aparatur Yang Mendapat Pelayanan Administrasi Kepegawaian Kab. Aceh Tengah', '34', '01'),
(261, 'Persentase Aparatur Yang Mendapat Pelayanan Administrasi Gaji Kab. Aceh Tengah', '34', '01'),
(262, 'Persentase Tingkat Partisipasi Masyarakat/Perwakilan Masyarakat dalam Pelaksanaan Musrenbang Kab. Aceh Tengah', '35', '01'),
(263, 'Persentase Tingkat Kelancaran Proses Administrasi Kependudukan (Pengantar KTP, Pengantar KK, Surat Pindah) Kab. Aceh Tengah', '35', '01'),
(264, 'Persentase Kaktifan Siskamling Kab. Aceh Tengah', '35', '01'),
(265, 'Jumlah Dokumen Dikeluarkan Di Kecamatan Linge Kab. Aceh Tengah', '36', '01'),
(266, 'Jumlah Dokumen Dikeluarkan Di Kecamatan Silih Nara Kab. Aceh Tengah', '37', '01'),
(267, 'Jumlah Dokumen Dikeluarkan Di Kecamatan Bebesen Kab. Aceh Tengah', '38', '01'),
(268, 'Jumlah Dokumen Dikeluarkan Di Kecamatan Pegasing Kab. Aceh Tengah', '39', '01'),
(269, 'Jumlah Dokumen Dikeluarkan Di Kecamatan Bintang Kab. Aceh Tengah', '40', '01'),
(270, 'Jumlah Dokumen Dikeluarkan Di Kecamatan Ketol Kab. Aceh Tengah', '41', '01'),
(271, 'Jumlah Dokumen Dikeluarkan Di Kecamatan Kebayakan Kab. Aceh Tengah', '42', '01'),
(272, 'Jumlah Dokumen Dikeluarkan Di Kecamatan Kute Panang Kab. Aceh Tengah', '43', '01'),
(273, 'Jumlah Dokumen Dikeluarkan Di Kecamatan Celala Kab. Aceh Tengah', '44', '01'),
(274, 'Jumlah Dokumen Dikeluarkan Di Kecamatan Lut Tawar Kab. Aceh Tengah', '45', '01'),
(275, 'Jumlah Dokumen Dikeluarkan Di Kecamatan Atu Lintang Kab. Aceh Tengah', '46', '01'),
(276, 'Jumlah Dokumen Dikeluarkan Di Kecamatan Jagong Jeget Kab. Aceh Tengah', '47', '01'),
(277, 'Jumlah Dokumen Dikeluarkan Di Kecamatan Bies Kab. Aceh Tengah', '48', '01'),
(278, 'Jumlah Dokumen Dikeluarkan Di Kecamatan Rusip Antara Kab. Aceh Tengah', '49', '01'),
(279, 'Jumlah Pelanggaran Qanun Umum Kab. Aceh Tengah', '31', '02'),
(280, 'Jumlah Pelanggaran Qanun Syariah Kab. Aceh Tengah', '31', '02'),
(281, 'Jumlah Pertikaian Antar Warga Etnis Kab. Aceh Tengah', '31', '02'),
(282, 'Jumlah Pertikaian Antar Warga Wilayah Desa Etnis Kab. Aceh Tengah', '31', '02'),
(283, 'Jumlah Pertikaian Antar Warga Antar Agama Kab. Aceh Tengah', '31', '02'),
(284, 'Jumlah Pertikaian Antar Warga Simpatisan Parpol Kab. Aceh Tengah', '31', '02'),
(285, 'Jumlah Pertikaian Antar Warga Jumlah Pertikaian Antar Pelajar Kab. Aceh Tengah', '31', '02'),
(286, 'Jumlah Lembaga Permasyarakatan Kab. Aceh Tengah', '50', '02'),
(287, 'Jumlah Penghuni Lembaga Permasyarakatan Kab. Aceh Tengah', '50', '02'),
(288, 'Jumlah Penghuni Lembaga Permasyarakatan Berdasarkan Kasus Hukum Kab. Aceh Tengah', '50', '02'),
(289, 'Jumlah Penghuni Lembaga Permasyarakatan Ber-KTP Kab. Aceh Tengah', '50', '02'),
(290, 'Lembaga Permasyarakatan Ber-KTP Luar Kab. Aceh Tengah', '50', '02'),
(291, 'Jumlah Kasus Unjuk Rasa Kab. Aceh Tengah', '09', '02'),
(292, 'Korban Unjuk Rasa Kab. Aceh Tengah', '09', '02'),
(293, 'Kerugian Material Akibat Unjuk Rasa Kab. Aceh Tengah', '09', '02'),
(294, 'Jumlah Pengungsi Akibat Unjuk Rasa Kab. Aceh Tengah', '09', '02'),
(295, 'Jumlah Sengketa Pengusaha dan Pekerja Kab. Aceh Tengah', '05', '02'),
(296, 'Kasus Pemogokan Kerja Kab. Aceh Tengah', '05', '02'),
(297, 'Jumlah Prasarana Aparat Keamanan dan Ketertiban Umum Kab. Aceh Tengah', '52', '02'),
(298, 'Jumlah Sarana Keamanan dan Ketertiban Umum Kab. Aceh Tengah', '52', '02'),
(299, 'Jumlah Sistem Peringatan Dini Kab. Aceh Tengah', '20', '02'),
(300, 'Jumlah Kawasan Rawan Bencana Banjir Kab. Aceh Tengah', '20', '02'),
(301, 'Jumlah Kawasan Rawan Bencana Gunung Meletus Kab. Aceh Tengah', '20', '02'),
(302, 'Jumlah Kawasan Rawan Bencana Longsor Kab. Aceh Tengah', '20', '02'),
(303, 'Jumlah Kawasan Rawan Bencana Gempa Bumi Kab. Aceh Tengah', '20', '02'),
(304, 'Jumlah Kawasan Rawan Bencana Kebakaran Kab. Aceh Tengah', '20', '02'),
(305, 'Jumlah Korban Bencana Kab. Aceh Tengah', '20', '02'),
(306, 'Jumlah Prasarana dan Sarana Tanggap Bencana Transportasi Angkutan Darat Kab. Aceh Tengah', '20', '02'),
(307, 'Jumlah Prasarana dan Sarana Tanggap Bencana Angkatan Laut Kab. Aceh Tengah', '20', '02'),
(308, 'Jumlah Prasarana dan Sarana Tanggap Bencana Angkatan Udara Kab. Aceh Tengah', '20', '02'),
(309, 'Jumlah Peralatan Komunikasi Kab. Aceh Tengah', '20', '02'),
(310, 'Jumlah Peralatan Kesehatan Kab. Aceh Tengah', '20', '02'),
(311, 'Jumlah Peralatan Air Bersih Kab. Aceh Tengah', '20', '02'),
(312, 'MCK Mobile Kab. Aceh Tengah', '20', '02'),
(313, 'Jumlah Peralatan Alat Berat Kab. Aceh Tengah', '20', '02'),
(314, 'Jumlah Peralatan Hunian Sementara Kab. Aceh Tengah', '20', '02'),
(315, 'Jumlah Kejadian Kebakaran Kab. Aceh Tengah', '20', '02'),
(316, 'Jumlah Peralatan Kebakaran Kab. Aceh Tengah', '20', '02'),
(317, 'Jumlah Pengungsi Akibat Bencana Kab. Aceh Tengah', '06', '02'),
(318, 'Jumlah Kerugian Akibat Bencana Kab. Aceh Tengah', '06', '02'),
(319, 'Banyaknya Perkara Yang Diterima Pengadilan Umum Menurut Jenisnya Kab. Aceh Tengah', '53', '02'),
(320, 'Banyaknya Perkara Yang Diputus Pengadilan Umum Menurut Jenisnya Kab. Aceh Tengah', '53', '02'),
(321, 'Banyaknya Penyelesaian Perkara yang Diterima Pengadilan Umum Kab. Aceh Tengah', '53', '02'),
(322, 'Jumlah Pemberdayaan Perempuan Bidang Politik Kab. Aceh Tengah', '24', '03'),
(323, 'Jumlah Pemberdayaan Perempuan Bidang hukum Kab. Aceh Tengah', '24', '03'),
(324, 'Jumlah Pemberdayaan Perempuan Bidang Sosial Kab. Aceh Tengah', '24', '03'),
(325, 'Jumlah Pemberdayaan Perempuan Bidang Ekonomi Kab. Aceh Tengah', '24', '03'),
(327, 'Jumlah Perempuan Sebagai Kepala Keluarga Kab. Aceh Tengah', '24', '03'),
(328, 'Jumlah Perangkat Daerah Sudah Menerapkan PUG Kab. Aceh Tengah', '24', '03'),
(329, 'Jumlah Pekerja Anak Kab. Aceh Tengah', '24', '03'),
(330, 'Jumlah Perempuan Berhadapan Dengan Hukum Kab. Aceh Tengah', '24', '03'),
(331, 'Jumlah Anak Berhadapan Dengan Hukum Kab. Aceh Tengah', '24', '03'),
(332, 'Jumlah Laporan Pengaduan Perempuan Korban Kekerasan Kab. Aceh Tengah', '24', '03'),
(333, 'Jumlah Laporan Pengaduan Anak Korban Kekerasan Kab. Aceh Tengah', '24', '03'),
(334, 'Julah Lembaga Perlindungan Anak Kab. Aceh Tengah', '24', '03'),
(335, 'Jumlah Tenaga Rehabilitasi Sosial Layanan Perempuan dan Anak Bidang Psikolog Kab. Aceh Tengah', '24', '03'),
(336, 'Jumlah Tenaga Rehabilitasi Sosial Layanan Peremouan dan Anak Bidang Konselor Kab. Aceh Tengah', '24', '03'),
(337, 'Jumlah Tenaga Rehabilitasi Sosial Layanan Peremouan dan Anak Bidang Rohaniawan Kab. Aceh Tengah', '24', '03'),
(338, 'Jumlah Tenaga Kesehatan Layanan Perempuan dan Anak Kab. Aceh Tengah', '24', '03'),
(339, 'Jumlah Aparat Penegak Hukum Layanan perempuan dan Anak Kab. Aceh Tengah', '24', '03'),
(340, 'Jumlah Tenaga Reintegrasi Layanan Perempuan dan Anak Kab. Aceh Tengah', '24', '03'),
(341, 'Jumlah Lembaga Pemenuhan Hak Anak (PHA) dan Lembaga Penyedia Layanan Peningkatan Kualitas Keluarga Kab. Aceh Tengah', '24', '03'),
(342, 'Jumlah Pekerja Perempuan Kab. Aceh Tengah', '05', '03'),
(343, 'Jumlah Anak Berkebutuhan Khusus Kab. Aceh Tengah', '06', '03'),
(344, 'Jumlah Lembaga Swasta Penampung Anak Berkebutuhan Khusus Kab. Aceh Tengah', '06', '03'),
(345, 'Jumlah Anak Jalanan Kab. Aceh Tengah', '06', '03'),
(346, 'Struktur Penduduk Perempuan Berdasarkan Pendidikan (> 18 Tahun) Kab. Aceh Tengah', '04', '03'),
(347, 'Struktur Penduduk Perempuan Berdasarkan Pendidikan (< 18 Tahun) Kab. Aceh Tengah', '04', '03'),
(348, 'Jumlah Sarana dan Prasarana Seni dan Budaya Kab. Aceh Tengah', '11', '04'),
(349, 'Pegiat Seni dan Budaya Kelompok Seni Rupa Kab. Aceh Tengah', '11', '04'),
(350, 'Pegiat Seni dan Budaya Kelompok Seni Tari/Gerak Kab. Aceh Tengah', '11', '04'),
(351, 'Pegiat Seni dan Budaya Kelompok Seni Suara/Vokal Kab. Aceh Tengah', '11', '04'),
(352, 'Pegiat Seni dan Budaya Kelompok Seni Musik Tradisioanal Kab. Aceh Tengah', '11', '04'),
(353, 'Pegiat Seni dan Budaya Kelompok Seni Teater/Drama Kab. Aceh Tengah', '11', '04'),
(354, 'Pegiat Seni dan Budaya Kelompok Seni Teater/Drama Kab. Aceh Tengah', '11', '04'),
(355, 'Jumlah Benda Cagar Budaya Kab. Aceh Tengah', '11', '04'),
(356, 'Jumlah Jenis Cagar Budaya Kab. Aceh Tengah', '11', '04'),
(357, 'Jumlah Penetapan Cagar Budaya Kab. Aceh Tengah', '11', '04'),
(358, 'Pemanfaatan Cagar Budaya Kab. Aceh Tengah', '11', '04'),
(359, 'Pelestarian Cagar Budaya Kab. Aceh Tengah', '11', '04'),
(360, 'Jumlah Kepemilikan Mesium Kab. Aceh Tengah', '11', '04'),
(361, 'Jumlah Pengunjung Mesium Kab. Aceh Tengah', '11', '04'),
(362, 'Jumlah Penderita Penyakit Menular Kab. Aceh Tengah', '07', '05'),
(363, 'Jumlah Penderita Gizi Buruk, Penderita Sakit Jiwa dan Penderita Penyakit Lainnya Kab. Aceh Tengah', '07', '05'),
(364, 'Jumlah Penduduk Meninggal Akibat Penyakit Menular (Orang) Kab. Aceh Tengah', '07', '05'),
(365, 'Jumlah Penduduk Gizi Buruk Kab. Aceh Tengah', '07', '05'),
(366, 'Pelayanan dan Perawatan Ibu Hamil Kab. Aceh Tengah', '07', '05'),
(367, 'Pelayanan dan Perawatan Bayi Kab. Aceh Tengah', '07', '05'),
(368, 'Jumlah Angka Kematian Ibu Kab. Aceh Tengah', '07', '05'),
(369, 'Angka Kematian Bayi (AKB) Kab. Aceh Tengah', '07', '05'),
(370, 'Jumlah Angka Kematian Balita Kab. Aceh Tengah', '07', '05'),
(371, 'Jumlah Puskesmas/Pustu/Poliklinik/Posyandu/Pos Kesehatan Desa Kab. Aceh Tengah', '07', '05'),
(372, 'Pusat Pelayanan Kesehatan Rumah Sakit Umum Daerah, Rumah Sakit Swasta, Rumah Sakit Umum Pusat (RSUP) Kab. Aceh Tengah', '56', '05'),
(373, 'Jumlah Pasien Rumah Sakit Umum Daerah, Rumah Sakit Swasta, Rumah Sakit Umum Pusat (RSUP) Kab. Aceh Tengah', '56', '05'),
(374, 'Jumlah Pasien Rumah Sakit Umum Daerah Tipe A,B,C,D,E, Rumah Sakit Swasta, Rumah Sakit Umum Pusat (RSUP) Berdasarkan Usia Kab. Aceh Tengah', '56', '05'),
(375, 'Jumlah Tenaga Medis Dokter Umum, Dokter Spesialis, Dokter Gigi Kab. Aceh Tengah', '56', '05'),
(376, 'Jumlah Perawatan Medis Berdasarkan Kelas Perawatan Kab. Aceh Tengah', '56', '05'),
(377, 'Jumlah Tenaga Kebidanan Bidan, Perawat, Apoteker, Farmasi, Psikologi Klinis di Kab. Aceh Tengah', '56', '05'),
(378, 'Jumlah Tenaga Gizi Kab. Aceh Tengah', '56', '05'),
(379, 'Jumlah Kendaraan Medis Kab. Aceh Tengah', '56', '05'),
(380, 'Jumlah Tenaga Kesehatan Masyarakat di Kab. Aceh Tengah', '56', '05'),
(381, 'Jumlah Tenaga Kesehatan Lingkungan di Kab. Aceh Tengah', '56', '05'),
(382, 'Jumlah Tenaga Kesehatan Tradisional di Kab. Aceh Tengah', '56', '05'),
(383, 'Jumlah Penduduk Berdasarkan Usia Sekolah Kab. Aceh Tengah', '57', '06'),
(384, 'Jumlah Peserta PAUD Kab. Aceh Tengah', '04', '06'),
(385, 'Jumlah Bangunan PAUD Kab. Aceh Tengah', '04', '06'),
(386, 'Jumlah Tenaga Pendidik PAUD Kab. Aceh Tengah', '04', '06'),
(387, 'Jumlah Bangunan Sekolah Taman Kanak-Kanak Kab. Aceh Tengah', '04', '06'),
(388, 'Jumlah Pengelola Sekolah TK Kab. Aceh Tengah', '04', '06'),
(389, 'Jumlah Ruang Kelas Sekolah TK Kab. Aceh Tengah', '04', '06'),
(390, 'Jumlah Tenaga Pendidik TK dan Rasio Siswa Dengan Tenaga Pendidik TK Kab. Aceh Tengah', '04', '06'),
(391, 'Jumlah Siswa SD/MI/Sederajat Kab. Aceh Tengah', '04', '06'),
(392, 'Jumlah Bangunan SD/MI/Sederajat Kab. Aceh Tengah', '04', '06'),
(393, 'Jumlah Pengelola SD/MI/Sederajat Kab. Aceh Tengah', '04', '06'),
(394, 'Jumlah Ruang Kelas SD/MI/Sederajat Kab. Aceh Tengah', '04', '06'),
(395, 'Jumlah Tenaga Pendidik TK dan Rasio Siswa Dengan Tenaga Pendidik TK Kab. Aceh Tengah', '04', '06'),
(396, 'Angka Partisipasi SD/MI/Sederajat Kab. Aceh Tengah', '04', '06'),
(397, 'Jumlah Siswa SMP/Mts/Sederajat Kab. Aceh Tengah', '04', '06'),
(398, 'Jumlah Bangunan SMP/Mts/Sederajat Kab. Aceh Tengah', '04', '06'),
(399, 'Jumlah Pengelola SMP/Mts/Sederajat Kab. Aceh Tengah', '04', '06'),
(400, 'Jumlah Ruang Kelas SMP/Mts/Sederajat Kab. Aceh Tengah', '04', '06'),
(401, 'Jumlah Tenaga Pendidik dan Rasio Siswa Dengan Tenaga Pendidik SMP/Mts/Sederajat Kab. Aceh Tengah', '04', '06'),
(402, 'Jumlah Sekolah Yang Memiliki Fasilitas Laboratorium, Komputer, Internet Kab. Aceh Tengah', '04', '06'),
(403, 'Angka Partisipasi SMP/Mts/Sederajat Kab. Aceh Tengah', '04', '06'),
(404, 'Pendidikan Kesetaraan Kab. Aceh Tengah', '04', '06'),
(405, 'Jumlah Siswa SMA/SMK/MA/Sederajat Kab. Aceh Tengah', '04', '06'),
(406, 'Jumlah Bangunan SMA/SMK/MA/Sederajat Kab. Aceh Tengah', '04', '06'),
(407, 'Jumlah Pengelola SMA/SMK/MA/Sederajat Kab. Aceh Tengah', '04', '06'),
(408, 'Jumlah Ruang Kelas SMA/SMK/MA/Sederajat Kab. Aceh Tengah', '04', '06'),
(409, 'Jumlah Tenaga Pendidik dan Rasio Siswa Dengan Tenaga Pendidik SMA/SMK/MA/Sederajat Kab. Aceh Tengah', '04', '06'),
(410, 'Jumlah Sekolah Yang Memiliki Fasilitas Laboratorium, Komputer, Internet Kab. Aceh Tengah', '04', '06'),
(411, 'Jumlah Perguruan Tinggi/Akademi/Sederajat Kab. Aceh Tengah', '59', '06'),
(412, 'Jumlah Mahasiswa Perguruan Tinggi/Akademi/Sederajat Kab. Aceh Tengah', '59', '06'),
(413, 'Jumlah Dosen Berdasarkan Jenis Kelamin Kab. Aceh Tengah', '59', '06'),
(414, 'Jumlah Dosen Berdasarkan Pendidikan Kab. Aceh Tengah', '04', '06'),
(415, 'Jumlah Pendidikan Keterampilan dan Pelatihan Kerja Kab. Aceh Tengah', '05', '06'),
(416, 'Sumber Daya Manusia Pengelola Kearsipan Pada Perangkat Daerah Kab. Aceh Tengah', '29', '07'),
(417, 'Sumber Daya Manusia Pengelola Kearsipan Pada BUMD Kab. Aceh Tengah', '29', '07'),
(418, 'Bimbingan Teknis Kepada Pengelola Arsip Dinamis Kab. Aceh Tengah', '29', '07'),
(419, 'Supervisi Kepada Pengelola Arsip Dinamis Kab. Aceh Tengah', '29', '07'),
(420, 'Jumlah Lembaga Kearsipan Terakreditasi Kab. Aceh Tengah', '29', '07'),
(421, 'Jumlah Supervisi Pengelolaan Arsip Statis Kab. Aceh Tengah', '29', '07'),
(422, 'Jumlah Arsip Vital dan Arsip Statis Kab. Aceh Tengah', '29', '07'),
(423, 'Jumlah Pemanfaatan Arsip Kab. Aceh Tengah', '29', '07'),
(424, 'Jumlah Simpul Jaringan Kearsipan Kab. Aceh Tengah', '29', '07'),
(425, 'Jumlah Pelindungan dan Penyelamatan Arsip Akibat Bencana Kab. Aceh Tengah', '29', '07'),
(426, 'Jumlah Pemuda Usia 16-30 Tahun di Kab. Aceh Tengah', '11', '08'),
(427, 'Struktur Pemuda (Usia 16-30 Tahun) Berdasarkan Pendidikan di Kab. Aceh Tengah', '11', '08'),
(428, 'Jenis dan Jumlah Organisasi Kepemudaan di Kab. Aceh Tengah', '11', '08'),
(429, 'Jumlah Prasarana Lapangan Olah Raga Bola Voli Kab. Aceh Tengah', '11', '08'),
(430, 'Jumlah Prasarana Lapangan Olah Raga Bola Basket Kab. Aceh Tengah', '11', '08'),
(431, 'Jumlah Prasarana Lapangan Olah Raga Tenis Kab. Aceh Tengah', '11', '08'),
(432, 'Jumlah Prasarana Lapangan Olah Raga Futsal Kab. Aceh Tengah', '11', '08'),
(433, 'Jumlah Stadion Sepak Bola, Jumlah Stadion Atletik, Fedung Olahraga Kab. Aceh Tengah', '11', '08'),
(434, 'Jumlah Kondisi Prasarana Olah Raga Kab. Aceh Tengah', '11', '08'),
(435, 'Jumlah Klub Olah Raga Kab. Aceh Tengah', '11', '08'),
(436, 'Jumlah Kepemilikan Sarana Olah Raga Kab. Aceh Tengah', '11', '08'),
(437, 'Jumlah Siswa Siswi Atlit yang Berprestasi Kab. Aceh Tengah', '11', '08'),
(438, 'Jumlah Layanan Jaringan Telepon Seluler Desa Terlayani dan Desa Belum Terlayani Kab. Aceh Tengah', '17', '09'),
(439, 'Jumlah BTS Kab. Aceh Tengah', '17', '09'),
(440, 'Jumlah Provider Kab. Aceh Tengah', '17', '09'),
(441, 'Jumlah Layanan Internet Desa Terlayani dan Desa Belum Terlayani Kab. Aceh Tengah', '17', '09'),
(442, 'Jumlah Layanan Jarningan Viber Optik (FO) Desa Terlayani dan Deda Belum Terlayani Kab. Aceh Tengah', '17', '09'),
(443, 'Jumlah Kantor Pos dan Jasa Kiriman Sejenis Kab. Aceh Tengah', '17', '09'),
(444, 'Jumlah Kantor Pos Pembantu dan Kantor Pembantu Jasa Kiriman Sejenis Kab. Aceh Tengah', '17', '09'),
(445, 'Jumlah Desa Terlayani Pos Keliling Kab. Aceh Tengah', '17', '09'),
(446, 'Jumlah Jaringan Layana Telepon Kabel Tersedia Kab. Aceh Tengah', '51', '09'),
(447, 'Jumlah Jaringan Layanan Telepon Terpasang Kab. Aceh Tengah', '51', '09'),
(448, 'Jumlah Layanan Elektronik Radio Kab. Aceh Tengah', '28', '09'),
(449, 'Jumlah Layanan Elektronik Televisi Kab. Aceh Tengah', '28', '09'),
(450, 'Jumlah Media Cetak Kab. Aceh Tengah', '28', '09'),
(451, 'Jumlah UMKM Bidang Kuliner Kab. Aceh Tengah', '27', '10'),
(452, 'Nilai Investasi Usaha Mikro, Usaha Kecil, Usaha Menengah Bidang Kuliner Kab. Aceh Tengah', '27', '10'),
(453, 'Jumlah UMKM Bidang Fashion Kab. Aceh Tengah', '27', '10'),
(454, 'Jumlah UMKM Bidang Pendidikan Kab. Aceh Tengah', '27', '10'),
(455, 'Jumlah UMKM BIdang Otomotif Kab. Aceh Tengah', '27', '10'),
(456, 'Jumlah UMKM Bidang Agrobisnis Kab. Aceh Tengah', '27', '10'),
(457, 'Jumlah UMKM Bidang Teknologi Internet Kab. Aceh Tengah', '27', '10'),
(458, 'Nilai Investasi Usaha Mikro, Usaha Kecil, Usaha Menengah Bidang Fashion Kab. Aceh Tengah', '27', '10'),
(459, 'Nilai Investasi Usaha Mikro, Usaha Kecil, Usaha Menengah Bidang Pendidikan Kab. Aceh Tengah', '27', '10'),
(460, 'Nilai Investasi Usaha Mikro, Usaha Kecil, Usaha Menengah Bidang Otomotif Kab. Aceh Tengah', '27', '10'),
(461, 'Nilai Investasi Usaha Mikro, Usaha Kecil, Usaha Menengah Bidang Agrobisnis Kab. Aceh Tengah', '27', '10'),
(462, 'Nilai Investasi Usaha Mikro, Usaha Kecil, Usaha Menengah Bidang Teknologi Internet Kab. Aceh Tengah', '27', '10'),
(463, 'Nilai Investasi Usaha Mikro, Usaha Kecil, Usaha Menengah Bidang Lainnya Kab. Aceh Tengah', '27', '10'),
(464, 'Jumlah Koperasi Produksi Dibantu Pemerintah Kab. Aceh Tengah', '27', '10'),
(465, 'Jumlah Koperasi Kepemilikan Sendiri Kab. Aceh Tengah', '27', '10'),
(466, 'Jumlah Koperasi Konsumsi Di Bantu Pemerintah Kab. Aceh Tengah', '27', '10'),
(467, 'Jumlah Koperasi Konsumsi Kepemilikan Sendiri Kab. Aceh Tengah', '27', '10'),
(468, 'Jumlah Koperasi Simpan Pinjam Dibantu Pemerintah Kab. Aceh Tengah', '27', '10'),
(469, 'Jumlah Koperasi Simpan Pinjam Kepemilikan Sendiri Kab. Aceh Tengah', '27', '10'),
(470, 'Jumlah Koperasi Serba Usaha Dibantu Pemerintah Kab. Aceh Tengah', '27', '10'),
(471, 'Jumlah Koperasi Serba Usaha Kepemilikan Sendiri Kab. Aceh Tengah', '27', '10'),
(472, 'Jumlah Bank Umum Pemerintah Kab. Aceh Tengah', '60', '10'),
(473, 'Posisi Pinjaman Investasi rupiah dan Valas Menurut Lapangan Usaha Kab. Aceh Tengah', '60', '10'),
(474, 'Posisi Pinjaman Investasi Rupiah dan Valas Menurut Non Lapangan Usaha Kab. Aceh Tengah', '60', '10'),
(475, 'Posisi Pinjaman Rupiah adn Valas Menurut Jenis Penggunaan Kab. Aceh Tengah', '60', '10'),
(476, 'Kartu Kredit Beredar Kab. Aceh Tengah', '60', '10'),
(477, 'Bank Pembangunan Daerah Kab. Aceh Tengah', '60', '10'),
(478, 'Bank Swasta Nasional Kab. Aceh Tengah', '60', '10'),
(479, 'Bank Asing Campuran Kab. Aceh Tengah', '60', '10'),
(480, 'Bank Perkreditan Rakyat Kab. Aceh Tengah', '60', '10'),
(481, 'Jumlah Perusahaan Asuransi Kab. Aceh Tengah', '60', '10'),
(482, 'Jumlah Nasabah Asuransi Kab. Aceh Tengah', '60', '10'),
(483, 'Jumlah Nasabah Penggadaian Kab. Aceh Tengah', '60', '10'),
(484, 'Jumlah Perusahaan Pembiayaan Kab. Aceh Tengah', '60', '01'),
(485, 'Jumlah Nasabah Perusahaan Pembiayaan Kab. Aceh Tengah', '60', '10'),
(486, 'Jumlah Nasabah Perusahaan Pembiayaan Fintech Kab. Aceh Tengah', '60', '10'),
(487, 'Jumlah Penyaluran Dana Perusahaan Pembiayaan Fintech Kab. Aceh Tengah', '60', '10'),
(488, 'Jumlah Perusashaan Industri/Pabrik Kab. Aceh Tengah', '19', '11'),
(489, 'Jumlah Lokasi Pencemaran Ringan Tanah, Air, Udara Kab. Aceh Tengah', '19', '11'),
(490, 'Jumlah Lokasi Pencemaran Kronis Tanah, Air, Udara Kab. Aceh Tengah', '19', '11'),
(491, 'Jumlah Lokasi Pencemaran Akut Tanah, Air, Udara Kab. Aceh Tengah', '19', '11'),
(492, 'Luas Kawasan Lindung Kab. Aceh Tengah', '62', '11'),
(493, 'Luas Area Kebakaran Hutan Kab. Aceh Tengah', '20', '11'),
(494, 'Banyaknya Hari Hujan Kab. Aceh Tengah', '63', '11'),
(495, 'Banyaknya Curah Hujan Kab. Aceh Tengah', '63', '11'),
(496, 'Sebaran Titik Api (Hotspot) di Kab. Aceh Tengah', '20', '11'),
(497, 'Debit Air Sungai Pengawasan Balai Wilayah Sungai Sumatera -1 Kab. Aceh Tengah', '64', '11'),
(498, 'Tinggi Muka Air Danau Kab. Aceh Tengah', '64', '11'),
(499, 'Jumlah Penangkaran Satwa dan Tumbuhan Kab. Aceh Tengah', '65', '11'),
(500, 'Jumlah dan Luas Kawasan Konservasi Darat Kab. Aceh Tengah', '65', '11'),
(501, 'Jenis-Jenis Spesies Satwa Yang Dilindungi Kab. Aceh Tengah', '65', '11'),
(502, 'Jenis-Jenis Tumbuhan Yang Dilindungi Kab. Aceh Tengah', '65', '11'),
(503, 'Gunung-Gunung dan Ketinggiannya Kab. Aceh Tengah', '65', '01'),
(504, 'Panjang Batas Wilayah Aceh tengah Terhadap Kabupaten Perbatasan Lansung Kab. Aceh Tengah', '01', '11'),
(505, 'Jumlah Produksi Komoditas Pangan Nabati (Ton) dan Ketersediaan Energi dan Protein Kab. Aceh Tengah', '66', '12'),
(506, 'Jumlah Produksi Komoditas Pangan Nabati (Ton) Kab. Aceh Tengah', '66', '12'),
(507, 'Perkembangan Rata-Rata Konsumsi Energi dan Protein Kab. Aceh Tengah', '66', '12'),
(508, 'Konsumsi Penduduk Terhadap Kelompok Bahan Pangan Padi-Padian Kab. Aceh Tengah', '66', '12'),
(509, 'Konsumsi Penduduk Terhadap Kelompok Bahan Pangan Umbi-Umbian Kab. Aceh Tengah', '66', '12'),
(510, 'Konsumsi Penduduk Terhadap Kelompok Bahan Pangan Hewani Kab. Aceh Tengah', '66', '12'),
(511, 'Konsumsi Penduduk Terhadap Kelompok Bahan Pangan Minyak dan Lemak Kab. Aceh Tengah', '66', '12'),
(512, 'Konsumsi Penduduk Terhadap Kelompok Bahan Pangan Buah/Biji Berminyak Kab. Aceh Tengah', '66', '12'),
(513, 'Konsumsi Penduduk Terhadap Kelompok Bahan Pangan Kacang-Kacangan Kab. Aceh Tengah', '66', '12'),
(514, 'Konsumsi Penduduk Terhadap Kelompok Bahan Pangan Gula Kab. Aceh Tengah', '66', '12'),
(515, 'Konsumsi Penduduk Terhadap Kelompok Bahan Pangan Sayur dan Buah Kab. Aceh Tengah', '66', '12'),
(516, 'Konsumsi Penduduk Terhadap Kelompok Bahan Pangan Minuman dan Bumbu-Bumbuan Kab. Aceh Tengah', '66', '12'),
(517, 'Jumlah Gudang Milik Pemerintah dan Gudang Milik Swasta Kab. Aceh Tengah', '66', '12'),
(518, 'Distribusi Logistik Kab. Aceh Tengah', '66', '12'),
(519, 'Jumlah Aparat Pemerintah Kampung Berdasarkan Tingkat Pendidikan Kab. Aceh Tengah', '15', '13'),
(520, 'Jumlah RW Kab. Aceh Tengah', '15', '13'),
(521, 'Jumlah Kampng Menurut Jenisnya', '15', '13'),
(522, 'Jumlah Adat RT Kab. Aceh Tengah', '15', '13'),
(523, 'Jumlah Kampung Adat Kab. Aceh Tengah', '15', '13'),
(524, 'Jumlah Kampung Adat RW Kab. Aceh Tengah', '15', '13'),
(525, 'Jumlah Kampung Adat RT Kab. Aceh Tengah', '15', '13'),
(526, 'Klasifikasi Kampung Berdasarkan Indeks Pembangunan Daerah Dengah Jumlah Kampung Tertinggal Kab. Aceh Tengah', '15', '13'),
(527, 'Klasifikasi Kampung Berdasarkan Indeks Pembangunan Daerah Dengah Jumlah Kampung Berkembang Kab. Aceh Tengah', '15', '13'),
(528, 'Klasifikasi Kampung Berdasarkan Indeks Pembangunan Daerah Dengah Jumlah Kampung Mandiri Kab. Aceh Tengah', '15', '13'),
(529, 'Tipologi Kampung Berdasarkan Potensi dengan Jumlah Kampung Agraris Kab. Aceh Tengah', '15', '13'),
(530, 'Tipologi Kampung Berdasarkan Potensi dengan Jumlah Kampung Industri Kab. Aceh Tengah', '15', '13'),
(531, 'Tipologi Kampung Berdasarkan Potensi dengan Jumlah Kampung Wisata Kab. Aceh Tengah', '15', '13'),
(532, 'Jumlah Kantor Pemerintah Kampung Milik Kampung Kab. Aceh Tengah', '15', '13'),
(533, 'Jumlah Kantor Pemerintah Kampung Sewa/Kontrak Kab. Aceh Tengah', '15', '13'),
(534, 'Jumlah Kantor Pemerintah Kampung Numpang Kab. Aceh Tengah', '15', '13'),
(535, 'Kondisi Kantor Kampung/Kelurahan Kab. Aceh Tengah', '15', '13'),
(536, 'Jumlah Aparat Pemerintah Kelurahan Berdasarkan Tingkat Pendidikan Kab. Aceh Tengah', '15', '13'),
(537, 'Jumlah Badan/ Lembaga Swadaya Masyarakat Kab. Aceh Tengah', '15', '13'),
(538, 'Jumlah Kelompok Swadaya Masyarakat Kab. Aceh Tengah', '15', '13'),
(539, 'Jumlah Lembaga Ketahanan Masyarakat Kampung Kab. Aceh Tengah', '15', '13'),
(540, 'Jumlah Lembaga Ketahanan Masyarakat Kab. Aceh Tengah', '15', '13'),
(541, 'Jumlah Lembaga Pemberdayaan masyarkat Kampung Kab. Aceh Tengah', '15', '13'),
(542, 'Jumlah Lembaga Pemberdayaan Masyarakat Kab. Aceh Tengah', '15', '13'),
(543, 'Jumlah Lembaga Adat Kab. Aceh Tengah', '15', '13'),
(544, 'Jumlah PKK Kab. Aceh Tengah', '15', '13'),
(545, 'Jumlah Pembinaan Kesejahteraan Keluarga Kab. Aceh Tengah', '15', '13'),
(546, 'Jumlah Pembinaan Kesejahteraan Keluarga Kab. Aceh Tengah', '15', '13'),
(547, 'Pengendalian Penduduk Rata-Rata Anak PerKeluarga Kab. Aceh Tengah', '57', '14'),
(548, 'Pengendalian Penduduk Jumlah Kelahiran Kab. Aceh Tengah', '57', '03'),
(549, 'Pengendalian Penduduk Jumlah Kematian Kab. Aceh Tengah', '57', '03'),
(550, 'Jumlah Pasangan Usia Subur Kab. Aceh Tengah', '24', '03'),
(551, 'Jumlah Alat Peraga KB Kab. Aceh Tengah', '24', '03'),
(552, 'Pserta KB Berdasarkan Alat/ Metode Kab. Aceh Tengah', '24', '03'),
(553, 'Jumlah Balai KB Kab. Aceh Tengah', '24', '03'),
(554, 'Jumlah Unit Pelayanan KB Kab. Aceh Tengah', '24', '03'),
(555, 'Jumlah Petugas Lapangan KB Kab. Aceh Tengah', '24', '03'),
(556, 'Jumlah Petugas Penyuluh KB Kab. Aceh Tengah', '24', '03'),
(557, 'Jumlah Institusi Masyarakat Pedesaan Pembantu Keluarga Berencana Desa Kab. Aceh Tengah', '24', '03'),
(558, 'Jumlah Institusi Masyarakat Pedesaan Sub Pembantu Keluarga Berencana Desa Kab. Aceh Tengah', '24', '03'),
(559, 'Jumlah Perizinan Dikeluarkan Berdasarkan Klasifikasi Usaha Kab. Aceh Tengah', '14', '15'),
(560, 'Jumlah Kendaraan Pribadi Kab. Aceh Tengah', '52', '16'),
(561, 'Jumlah Moda Angkutan Barang Kab. Aceh Tengah', '52', '16'),
(562, 'Jenis Kejadian Pelanggaran Lalu Lintas Kab. Aceh Tengah', '52', '16'),
(563, 'Banyaknya Korban Pelanggaran Kecelakaan Lalu Lintas Menurut Kelompok Umur Kab. Aceh Tengah', '52', '16'),
(564, 'Banyaknya Kendaraan Yang terlibat Kecelakaan Lalu Lintas Menurut Jenis Kendaraan Kab. Aceh Tengah', '52', '16'),
(565, 'Banyaknya Pelaku dan Korban Kecelakaan Lalu Lintas Menurut Pendidikan Kab. Aceh Tengah', '52', '16'),
(566, 'Banyaknya Pelaku Kecelakaan Lalu Lintas Menurut Kelompok Umur Kab. Aceh Tengah', '52', '16'),
(567, 'Banyaknya Pelaku dan Korban Kecelakaan Lalu Lintas Menurut Profesi Pelaku Kab. Aceh Tengah', '52', '16'),
(568, 'Banyaknya Surat Izin Mengemudi (SIM) yang Dikeluarkan Menurut Jenisnya Kab. Aceh Tengah', '52', '16'),
(569, 'Moda Angkutan Umum Kab. Aceh Tengah', '16', '16'),
(570, 'Jumlah Bandara Udara Kab. Aceh Tengah', '16', '16'),
(571, 'Jumlah Landasan Helikopter (Helipad) Kab. Aceh Tengah', '16', '16'),
(572, 'Jumlah Penumpang Angkutan Udara Kab. Aceh Tengah', '16', '16'),
(573, 'Jumlah Barang Menggunakan Angkutan Udara Kab. Aceh Tengah', '16', '16'),
(574, 'Jumlah Perpustakaan Nasional Kab. Aceh Tengah', '29', '17'),
(575, 'Jumlah Perpustakaan Perguruan Tunggu Kab. Aceh Tengah', '29', '17'),
(576, 'Jumlah Perpustakaan Umum Kab. Aceh Tengah', '29', '17'),
(577, 'Jumlah Perpustakaan Sekolah Kab. Aceh Tengah', '29', '17'),
(578, 'Judul Buku Perpustakaan Nasional Kab. Aceh Tengah', '29', '17'),
(579, 'Jumlah Perpustakaan Khusus Kab. Aceh Tengah', '29', '17'),
(580, 'Jumlah Perpustakaan Online/Digital Kab. Aceh Tengah', '29', '17'),
(581, 'Judul Buku Perpustakaan Umum Kab. Aceh Tengah', '29', '17'),
(582, 'Judul Buku Perpustakaan Sekolah Kab. Aceh Tengah', '29', '17'),
(583, 'Judul Buku Perpustakaan Perguruan Tinggi Kab. Aceh Tengah', '29', '17'),
(584, 'Judul Buku Perpustakaan Khusus Kab. Aceh Tengah', '29', '17'),
(585, 'Judul Buku Online/Digital Kab. Aceh Tengah', '29', '17'),
(586, 'Pustakawan Dan Tenaga Teknis Perpustakaan Kab. Aceh Tengah', '29', '17'),
(587, 'Jumlah Perpustakaan Memenuhi Standar Kab. Aceh Tengah', '29', '17'),
(588, 'Jumlah Pemustaka Ke Perpustakaan Umum Kab. Aceh Tengah', '29', '17'),
(589, 'Jumlah Pemustaka Ke Perpustakaan Sekolah Kab. Aceh Tengah', '29', '17'),
(590, 'Jumlah Pemustaka Ke Perpustakaan Perguruan Tinggai Kab. Aceh Tengah', '29', '17'),
(591, 'Jumlah Pemustaka Ke Perpustakaan Khusus Kab. Aceh Tengah', '29', '17'),
(592, 'Jumlah Anggota Perpustakaan Nasional Kab. Aceh Tengah', '29', '17'),
(593, 'Jumlah Anggota Perpustakaan Umum Kab. Aceh Tengah', '29', '17'),
(594, 'Jumlah Anggota Perpustakaan Khusus Kab. Aceh Tengah', '29', '17'),
(595, 'Jumlah Anggota Perpustakaan Perguruan Tinggi Kab. Aceh Tengah', '29', '17');
INSERT INTO `subsektor` (`id_subsek`, `nm_subsek`, `kd_satker`, `kd_sek`) VALUES
(596, 'Jumlah Anggota Perpustakaan Sekolah Kab. Aceh Tengah', '29', '17'),
(597, 'Jumlah Jenis Hak Atas Tanah Kab. Aceh Tengah', '30', '18'),
(598, 'Luas Atas Tanah Berdasarkan Hak Kab. Aceh Tengah', '30', '18'),
(599, 'Jumlah dan Luas Tanah Kosong Kab. Aceh Tengah', '30', '18'),
(600, 'Jumlah Kasus Sengketa Tanah Kab. Aceh Tengah', '30', '18'),
(601, 'Jumlah Kepemilikan Tanah Ulayat Kab. Aceh Tengah', '30', '18'),
(602, 'Luas Kepemilikan Tanah Ulayat Kab. Aceh Tengah', '30', '18'),
(603, 'Panjang Jalan Dan Kondisi Berdasarkan Administrasi Pemerintah Kab. Aceh Tengah', '08', '19'),
(604, 'Panjang Jalan Berdasarkan Jenis Permukaan Kab. Aceh Tengah', '08', '19'),
(605, 'Jembatan Dan Kondisi Berdasarkan Administrasi Pemerintahan Kab. Aceh Tengah', '08', '19'),
(606, 'Panjang Jalan Irigasi Non Teknis Kab. Aceh Tengah', '08', '19'),
(607, 'Panjang Jaringan Irigasi Teknis Kab. Aceh Tengah', '08', '19'),
(608, 'Jumlah Bangunan Irigasi Kab. Aceh Tengah', '08', '19'),
(609, 'Luas Sawah Beririgasi Teknis Kab. Aceh Tengah', '08', '19'),
(610, 'Luas Sawah Beririgasi Non Teknis Kab. Aceh Tengah', '08', '19'),
(611, 'Luas Daerah Irigasi Teknis Kab. Aceh Tengah', '08', '19'),
(612, 'Nama Sungai dan Panjang Kab. Aceh Tengah', '08', '19'),
(613, 'Panjang Sungai Kab. Aceh Tengah', '08', '19'),
(614, 'Lebar Sungai Kab. Aceh Tengah', '08', '19'),
(615, 'Luas Danau Laut Tawar Kab. Aceh Tengah', '08', '19'),
(616, 'Keliling Laut Tawar Kab. Aceh Tengah', '08', '19'),
(617, 'Jumlah Rumah Tangga Menggunakan Sumur Terlindung Kab. Aceh Tengah', '08', '19'),
(618, 'Jumlah Rumah Tangga Menggunakan Sumur Tidak Terlindung Kab. Aceh Tengah', '08', '19'),
(619, 'Jumlah Rumah Tangga Menggunakan Hidran Umum Kab. Aceh Tengah', '08', '19'),
(620, 'Jumlah Desa/Kelurahan Rawan Kering Sumber Air Kab. Aceh Tengah', '08', '19'),
(621, 'Jumlah Desa/Kelurahan Rawan Kering Sumber Air Kab. Aceh Tengah', '08', '19'),
(622, 'Panjang Drainase Sistem Terbuka dan Tertutup Kab. Aceh Tengah', '08', '19'),
(623, 'Jumlah Bangunan Milik IMB dan Tidak Memiliki IMB Kab. Aceh Tengah', '08', '19'),
(624, 'Banyak Jembatan Menurut Jenisnya Kab. Aceh Tengah', '08', '19'),
(625, 'Jumlah Jembatan Desa Kab. Aceh Tengah', '08', '19'),
(626, 'Perkembangan Bangunan Fisik Panjang Jembatan Kab. Aceh Tengah', '08', '19'),
(627, 'Jumlah Sistem Pengolahan Air Limbah Kab. Aceh Tengah', '08', '19'),
(628, 'Jumlah Rumah Tangga Menggunakan Layanan PDAM Kab. Aceh Tengah', '08', '19'),
(629, 'Pembuangan Limbah Rumah Tangga Milik MCK, Tidak Memiliki MCK dan Milik Cubluk Kab. Aceh Tengah', '08', '19'),
(630, 'Jumlah Bangunan Memiliki Sertifikat Laik Fungsi dan Tidak Memiliki Sertifikat Laik Fungsi Kab. Aceh Tengah', '08', '19'),
(631, 'Jumlah Rumah Berdasarkan Kondisi Layak Huni dan Tidak Layak Huni Kab. Aceh Tengah', '18', '20'),
(632, 'Jumlah Rumah Berdasarkan Kondisi Layak Huni dan Tidak Layak Huni Kab. Aceh Tengah', '18', '20'),
(633, 'Jumlah Rumah Tangga yang Terlayani Melalui Sistem Perpipaan Kab. Aceh Tengah', '18', '20'),
(634, 'Jumlah Luas Tempat Pemakaman Umum Kab. Aceh Tengah', '18', '20'),
(635, 'Jumlah Rumah Tangga Yang Memanfaatkan Air Bawah Tanah Kab. Aceh Tengah', '18', '20'),
(636, 'Jumlah Kawan Pemukiman Kumuh Kab. Aceh Tengah', '18', '20'),
(637, 'Jumlah Kawasan Pemukiman Kumuh Kab. Aceh Tengah', '18', '20'),
(638, ' Luas Kawasan Pemukiman Kumuh Kab. Aceh Tengah', '18', '20'),
(639, 'Jumlah Rumah Tangga Yang tertinggal di Kawasan Pemukiman Kumuh Kab. Aceh Tengah', '18', '20'),
(640, 'Jumlah Bangunan Rumah di Kawasan Pemukiman Kumuh Kab. Aceh Tengah', '18', '20'),
(641, 'Jumlah Bangunan Pemerintah di Kawasan Pemukiman Kumuh', '18', '20'),
(642, 'Jumlah Bangunan Sosial di Kawasan Pemukiman Kumuh Kab. Aceh Tengah', '18', '20'),
(643, 'Luas Kawasan Pemukiman dalam Kawasan Hutan Kab. Aceh Tengah', '18', '20'),
(644, 'Volume Sampah Rumah Tangga Kab. Aceh Tengah', '18', '20'),
(645, 'Volume Sampah Rumah Tangga Yang Terolah Kab. Aceh Tengah', '18', '20'),
(646, 'Volume Sampah Yang Mengandung Bahan Berbahaya dan Beracun Kab. Aceh Tengah', '18', '20'),
(647, 'Volume Sampah Yang Mengandung Bahan Berbahaya Dan Beracun Yang Terolah Kab. Aceh Tengah', '18', '20'),
(648, 'Volume Sampah Yang Mengandung Limbah Bahan Berbahaya dan Beracun Kab. Aceh Tengah', '18', '20'),
(649, 'Volume Sampah Yang Mengandung Limbah Berbahaya dan Beracun Yang Terolah Kab. Aceh Tengah', '10', '20'),
(650, 'Jumlah Alat Angkut Sampah Kab. Aceh Tengah', '18', '20'),
(651, 'Jumlah Tempat Pengolahan Sampah TPS Kab. Aceh Tengah', '18', '20'),
(652, 'Jumlah Tempat Pengolahan Sampah TPS Kab. Aceh Tengah', '18', '20'),
(653, 'Jumlah Tempat Pengolahan Sampah TPA Kab. Aceh Tengah', '18', '20'),
(654, 'Jumlah Pengolahan Air Limbah Individual Kab. Aceh Tengah', '18', '20'),
(655, 'Jumlah Ruang Terbuka Hijau Kab. Aceh Tengah', '18', '20'),
(656, 'Jumlah Pengolahan Air Limbah Komunal Kab. Aceh Tengah', '18', '20'),
(657, 'Jumlah Ruang Terbuka Hijau Kab. Aceh Tengah', '18', '20'),
(658, 'Rasio Ruang Terbuka Hijau Per Satuan Luas Wilayah Kab. Aceh Tengah', '18', '20'),
(659, 'Jumlah Penduduk Miskin Kab. Aceh Tengah', '06', '21'),
(660, 'Jumlah Rumah Tangga Miskin Kab. Aceh Tengah', '06', '21'),
(661, 'Jumlah Kepala Keluarga Miskin Kab. Aceh Tengah', '06', '21'),
(662, 'Status Kepemilikan Rumah Tangga Miskin Kab. Aceh Tengah', '06', '21'),
(663, 'Jumlah Rumah Tangga Miskin Mengonsumsi Air Minum Kab. Aceh Tengah', '06', '21'),
(664, 'Jumlah Masyarakat Penerima JKN Kab. Aceh Tengah', '06', '20'),
(665, 'Jumlah Status Kepemilikan Lahan Keluarga Miskin Kab. Aceh Tengah', '06', '21'),
(666, 'Jumlah Masyarakat Penerima JKA Kab. Aceh Tengah', '06', '20'),
(667, 'Jumlah Siswa Miskin SD/MI/Sederajat Kab. Aceh Tengah', '06', '21'),
(668, 'Jumlah Siswa miskin SMP/Mts/Sederajat Kab. Aceh Tengah', '06', '21'),
(669, 'Jumlah Siswa Miskin SMA/MA/Sederajat Kab. Aceh Tengah', '06', '21'),
(670, 'Jumlah Keluarga Pesejahtera Kab. Aceh Tengah', '06', '20'),
(671, 'Jumlah Keluarga Menurut Tingkat Kesejahteraan Kab. Aceh Tengah', '06', '20'),
(672, 'Jumlah Penyandang Masalah Kesejahteraan Sosial Kab. Aceh Tengah', '06', '20'),
(673, 'Panti Asuahan Kab. Aceh Tengah', '06', '20'),
(674, 'Rehabilitasi Narkoba Kab. Aceh Tengah', '06', '20'),
(675, 'Rumah SInggah Kab. Aceh Tengah', '06', '21'),
(676, 'Jumlah Pembinaan Kesejahteraan Keluarga (PKK) Kab. Aceh Tengah', '06', '21'),
(677, 'Jumlah Kelompok Binaan PKK Kab. Aceh Tengah', '06', '21'),
(678, 'Jumlah Kasus Sosial Kab. Aceh Tengah', '06', '21'),
(679, 'Panti Asuhan Kab. Aceh Tengah', '06', '21'),
(680, 'Pusat Rehabilitasi Narkoba Kab. Aceh Tengah', '06', '21'),
(681, 'Rumah Singgah Kab. Aceh Tengah', '06', '21'),
(682, 'Jumlah Pembinaan Kesejahteraan Keluarga (PKK) Kab. Aceh Tengah', '06', '21'),
(683, 'Jumlah Kelompok Binaan (PKK) Kab. Aceh Tengah', '06', '21'),
(684, 'Jumlah Kasus Sosial Kab. Aceh Tengah', '06', '21'),
(685, 'Jumlah Kasus Sosial Kab. Aceh Tengah', '06', '21'),
(686, 'Jumlah Dan Luas Tanam Makam Pahlawan Kab. Aceh Tengah', '06', '21'),
(687, 'Jumlah Lembaga Swadaya Masyarakat Kab. Aceh Tengah', '06', '21'),
(688, 'Jumlah Organisasi Masyarakat Kab. Aceh Tengah', '06', '21'),
(689, 'Jumlah Organisasi Kemasyarakatan Pemuda (OKP) Kab. Aceh Tengah', '06', '21'),
(690, 'Jumlah Yayasan Kab. Aceh Tengah', '06', '21'),
(691, 'Jumlah Karang Taruna (KT) Kab. Aceh Tengah', '06', '21'),
(692, 'Jumlah Koordinator Kegiatan Kesejahteraan Sosial (KKKS) Kab. Aceh Tengah', '06', '21'),
(693, 'Jumlah Badan Koordinasi Kegiatan Kesejahteraan Sosial (BKKKS) Kab. Aceh Tengah', '06', '21'),
(694, 'Jumlah Lembaga Konsultan Kesejahteraan Keluarga LK3 Kab. Aceh Tengah', '06', '21'),
(695, 'Jumlah Lembaga Kesejahteraan Sosial LKS Kab. Aceh Tengah', '06', '21'),
(696, 'Jumlah Angka Harapan Hidup Orang Meninggal Kab. Aceh Tengah', '06', '21'),
(697, 'Jumlah Angka Harapan Hidup Usia Orang Meninggal Kab. Aceh Tengah', '06', '21'),
(698, 'Jumlah Pengeluaran Penduduk Per Tahun Kab. Aceh Tengah', '06', '21'),
(699, 'Rata-Rata Pengeluaran Konsumsi Pangan Rumah Tangga Per Kapita Kab. Aceh Tengah', '06', '21'),
(700, 'Tenaga Kerja Berdasarkan Lapangan Pekerjaan Kab. Aceh Tengah', '05', '22'),
(701, 'Jumlah Angkatan Kerja Kab. Aceh Tengah', '05', '22'),
(702, 'Jumlah Tingkat Pengangguran Terbuka Kab. Aceh Tengah', '05', '22'),
(703, 'Pekerja Berdasarkan Tingkat Pendidikan Kab. Aceh Tengah', '05', '22'),
(704, 'Jumlah PHK Kab. Aceh Tengah', '05', '22'),
(705, 'Jumlah Pekerja Difabel Kab. Aceh Tengah', '05', '22'),
(706, 'Jumlah Pekerja dibawah < 18 Tahun Kab. Aceh Tengah', '05', '22'),
(707, 'Jumlah Balai Latihan Kerja Kab. Aceh Tengah', '05', '22'),
(708, 'Jumlah Peserta Balai Latihan Kerja Kab. Aceh Tengah', '05', '22'),
(709, 'Jumlah Lembaga Pelatihan Kerja Pemerintah Kab. Aceh Tengah', '05', '22'),
(710, 'Lembaga Pelatihan Kerja Swasta Kab. Aceh Tengah', '05', '22'),
(711, 'Jumlah Peserta Lembaga Pelatihan Kerja Pemerintah Kab. Aceh Tengah', '05', '22'),
(712, 'Jumlah Tenaga Kerja di Luar Negeri Kab. Aceh Tengah', '05', '22'),
(713, 'Jumlah Kasus TKI Luar Negeri Kab. Aceh Tengah', '05', '22'),
(714, 'Jumlah Perusahaan Yang Mempekerjakan Warga Negara Asing Kab. Aceh Tengah', '05', '22'),
(715, 'Jumlah Pekerja Warga Negara Asing Kab. Aceh Tengah', '05', '22'),
(716, 'Upah Tenaga Kerja Bedasarkan Sektor Pekerjaan Kab. Aceh Tengah', '05', '22'),
(717, 'Jumlah Penduduk Menurut Jenis Kelamin Kab. Aceh Tengah', '57', '23'),
(718, 'Kepadatan Penduduk Kab. Aceh Tengah', '57', '23'),
(719, 'Jumlah Penduduk Menurut Usia 0 - 4 Tahun Kab. Aceh Tengah', '57', '23'),
(720, 'Jumlah PendudukMenurut Usia 5 - 9 Tahun Kab. Aceh Tengah', '57', '23'),
(721, 'Jumlah Penduduk Menurut Usia 10 - 14 Tahun Kab. Aceh Tengah', '57', '23'),
(722, 'Jumlah Penduduk Menurut Usia 15 - 19 Tahun Kab. Aceh Tengah', '57', '23'),
(723, 'Jumlah Penduduk Menurut Usia 20 - 24 Tahun Kab. Aceh Tengah', '57', '23'),
(724, 'Jumlah Penduduk Menurut Usia 25 - 29 Tahun Kab. Aceh Tengah', '57', '23'),
(725, 'Jumlah Penduduk Menurut Usia 30 - 34 Tahun Kab. Aceh Tengah', '57', '23'),
(726, 'Jumlah Penduduk Menurut Usia 35 - 39 Tahun di Kab. Aceh Tengah', '57', '23'),
(727, 'Jumlah Penduduk Menurut Usia 40 - 44 Kab. Aceh Tengah', '57', '23'),
(728, 'Jumlah Penduduk Menurut Usia 45 - 49 di Kab. Aceh Tengah', '57', '23'),
(729, 'Jumlah Penduduk Menurut Usia 50 - 54 di Kab. Aceh Tengah', '57', '23'),
(730, 'Jumlah Penduduk Menurut Usia 53 - 59 di Kab. Aceh Tengah', '57', '23'),
(731, 'Jumlah Penduduk Menurut Usia 60 - 64 di Kab. Aceh Tengah', '57', '23'),
(732, 'Jumlah Penduduk Menurut Usia 65 - 69 di Kab. Aceh Tengah', '58', '23'),
(733, 'Jumlah Penduduk Menurut Usia 70 - 75 di Kab. Aceh Tengah', '57', '23'),
(734, 'Jumlah Penduduk Menurut Usia > 75 Tahun di Kab. Aceh Tengah', '57', '23'),
(735, 'Jumlah Penduduk Berdasarkan Tingkat Pendidikan Jenis Kelamin Laki - Laki Kab. Aceh Tengah', '57', '23'),
(736, 'Jumlah Penduduk Berdasarkan Tingkat Pendidikan Jenis Kelamin Perempuan Kab. Aceh Tengah', '57', '23'),
(737, 'Jumlah Penduduk Belum Kawin Berdasarkan Status Perkawinan Kab. Aceh Tengah', '57', '23'),
(738, 'Jumlah Penduduk Sudah Kawin Berdasarkan Status Perkawinan Kab. Aceh Tengah', '57', '23'),
(739, 'Jumlah Penduduk Cerai Hidup Berdasarkan Status Perkawinan Kab. Aceh Tengah', '57', '23'),
(740, 'Jumlah Penduduk Cerai Mati Berdasarkan Status Perkawinan Kab. Aceh Tengah', '57', '23'),
(741, 'Jumlah Rumah Tangga Kab. Aceh Tengah', '57', '23'),
(742, 'Jumlah Penduduk Berdasarkan Pencaharian Kab. Aceh Tengah', '57', '23'),
(743, 'Jumlah Migrasi Penduduk Kab. Aceh Tengah', '57', '23'),
(744, 'Jumlah Penduduk wajib KTP Kab. Aceh Tengah', '57', '23'),
(745, 'Jumlah Penduduk Memilik E-KTP di Kab. Aceh Tengah', '57', '23'),
(746, 'Jumlah Penduduk Belum Memiliki E-KTP di Kab. Aceh Tengah', '57', '23'),
(747, 'Jumlah Penduduk Telah Memiliki Akta Kelahiran di Kab. Aceh Tengah', '57', '23'),
(748, 'Jumlah Penduduk Belum Memliki Akta Kelahiran di Kab. Aceh Tengah', '57', '23'),
(749, 'Jumlah Penduduk Memiliki Kartu Keluarga di Kab. Aceh Tengah', '57', '23'),
(750, 'Jumlah Penduduk Belum Memiliki Kartu Keluarga di Kab. Aceh Tengah', '57', '23'),
(751, 'Jumlah Penduduk Memliki Akta Perceraian di Kab. Aceh Tengah', '57', '23'),
(752, 'Jumlah Penduduk Belum Memliki Akta Perceraian di Kab. Aceh Tengah', '57', '23'),
(753, 'Jumlah Penduduk Memiliki Akta Kematian di Kab. Aceh Tengah', '57', '23'),
(754, 'Jumlah Penduduk Belum Memiliki Akta Kematian di Kab. Aceh Tengah', '57', '23'),
(755, 'Jumlah Penerbitan Paspor Kab. Aceh Tengah', '68', '23'),
(756, 'Jumlah Penernitan SPRI Kab. Aceh Tengah', '68', '23'),
(757, 'Jumlah Penerbitan Izin Tinggal Kunjungan Kab. Aceh Tengah', '68', '23'),
(758, 'Jumlah Penerbitan Izin Tinggal Terbatas Kab. Aceh Tengah', '68', '23'),
(759, 'Jumlah Penerbitan Izin Tinggal Tetap Kab. Aceh Tengah', '68', '23'),
(760, 'Jumlah Penerbitan Izin Tinggal Kuemudahan Khusus Keimigrasian Kab. Aceh Tengah', '68', '23'),
(761, 'Jumlah Penerbitan Visa Kab. Aceh Tengah', '68', '23'),
(762, 'Jumlah Penerbitan Izin Masuk Kembali Kab. Aceh Tengah', '68', '23'),
(763, 'Jumlah Penerbitan Perlintasan Kab. Aceh Tengah', '68', '23'),
(764, 'Jumlah Penerbitan Deportasi Kab. Aceh Tengah', '68', '23'),
(765, 'Jenis Pembangkit Listrik Kab. Aceh Tengah', '69', '24'),
(766, 'Jumlah Unit Usaha Tambang Mineral Milik Pemerintah Kab. Aceh Tengah', '69', '24'),
(767, 'Jumlah Unit Usaha Tambang Mineral Milik Swasta Kab. Aceh Tengah', '69', '24'),
(768, 'Jumlah Produksi dan Distribusi Energi Terbarukan di Kab. Aceh Tengah', '69', '24'),
(769, 'Jumlah Produksi Mineral di Kab. Aceh Tengah', '69', '24'),
(770, 'Nilai Produksi Mineral di Kab. Aceh Tengah', '69', '24'),
(771, 'Jumlah Eksport Hasil Produksi Mineral di Kab. Aceh Tengah', '69', '24'),
(772, 'Nilai Eksport Hasil Produksi Mineral di Kab. Aceh Tengah', '69', '24'),
(773, 'Jumlah Pertambangan Rakyat Berijin di Kab. Aceh Tengah', '69', '24'),
(774, 'Jumlah Perusahaan pertambangan Galian - C di Kab. Aceh Tengah', '69', '24'),
(775, 'Jumlah Distribusi Bahan Bakar Minyak Menurut Jenis Bahan Bakar Kab. Aceh Tengah', '69', '24'),
(776, 'Jumlah Distribusi Bahan Bakar Gas Menurut Jenis Tabung Kab. Aceh Tengah', '69', '24'),
(777, 'Jumlah Kebutuhan Listrik di Kab. Aceh Tengah', '69', '24'),
(778, 'Jumlah Tenaga Listrik Terpasang di Kab. Aceh Tengah', '69', '24'),
(779, 'Jumlah Tenaga Listrik Terjual di Kab. Aceh Tengah', '69', '24'),
(780, 'Sambungan Listrik Desa/Kelurahan di Kab. Aceh Tengah', '69', '24'),
(781, 'Jumlah Perusahaan Pertambagan Galian - C di Kab. Aceh Tengah', '69', '24'),
(782, 'Luas Hutan LIndung di Kab. Aceh Tengah', '72', '25'),
(783, 'Luas Hutan Konservasi di Kab. Aceh Tengah', '72', '25'),
(784, 'Luas Hutan Lindung di Kab. Aceh Tengah', '72', '25'),
(785, 'Luas Hutan Produksi di Kab. Aceh Tengah', '72', '25'),
(786, 'Luas Hutan Konversi di Kab. Aceh Tengah', '72', '25'),
(787, 'Luas Hutan Ulayat/Adat di Kab. Aceh Tengah', '72', '25'),
(788, 'Jumlah Perusahaan Pengelola Hutan di Kab. Aceh Tengah', '72', '25'),
(789, 'Luas Kawasan Hutan Dikelola di Kab. Aceh Tengah', '72', '25'),
(790, 'Kayu di Curi di Kab. Aceh Tengah', '72', '25'),
(791, 'Luas Kawasan Reklamasi Hutan di Kab. Aceh Tengah', '72', '25'),
(792, 'Luas Kawasan Reboisasi Hutan di Kab. Aceh Tengah', '72', '25'),
(793, 'Luas Areal Kebakaran di Kab. Aceh Tengah', '72', '25'),
(794, 'Jumlah Korban Kebakaran Hutan di Kab. Aceh Tengah', '72', '25'),
(795, 'Jumlah Pengungsi Kebakaran Hutan di Kab. Aceh Tengah', '72', '25'),
(796, 'Kerugian Akibat Kebakaran Hutan di Kab. Aceh Tengah', '72', '25'),
(797, 'Produksi Dan Nilai Hasil Hutan Kayu di Kab. Aceh Tengah', '72', '25'),
(798, 'Luas Reboisasi di Kab. Aceh Tengah', '72', '25'),
(799, 'Produksi dan Nilai Hasil Hutan Non Kayu di Kab. Aceh Tengah', '72', '25'),
(800, 'Laju Deforestasi di Kab. Aceh Tengah', '72', '25'),
(801, 'Jumlah Keluarga Menetap Dalam Kawasan Hutan di Kab. Aceh Tengah', '72', '25'),
(802, 'Jenis Industri Kecil di Kab. Aceh Tengah', '27', '26'),
(803, 'Jumlah Industri Sedang Memiliki Amdal di Kab. Aceh Tengah', '27', '26'),
(804, 'Jumlah Industri Sedang Yang Tidak Memiliki Amdal di Kab. Aceh Tengah', '27', '26'),
(805, 'Jumlah Industri Sedang Yang Menerapkan K3 di Kab. Aceh Tengah', '27', '26'),
(806, 'Jumlah Industri Besar Yang Tidak Memiliki Amdal di Kab. Aceh Tengah', '27', '26'),
(807, 'Jumlah Rumah Tangga Wajib Izin Gangguan di Kab. Aceh Tengah', '14', '26'),
(808, 'Jenis Industri Besar di Kab. Aceh Tengah', '73', '26'),
(809, 'Industri Pengolahan Kayu di Kab. Aceh Tengah', '27', '26'),
(810, 'Industri Pengolahan Kertas di Kab. Aceh Tengah', '27', '26'),
(811, 'Industri Kimia Farmasi di Kab. Aceh Tengah', '27', '26'),
(812, 'Industri Pengolahan Karet di Kab. Aceh Tengah', '27', '26'),
(813, 'Industri Galian Bukan Logam di Kab. Aceh Tengah', '27', '26'),
(814, 'Industri Baja/Pengolahan Logam di Kab. Aceh Tengah', '27', '26'),
(815, 'Industri Peralatan di Kab. Aceh Tengah', '27', '26'),
(816, 'Industri Pertambangan di Kab. Aceh Tengah', '27', '26'),
(817, 'Industri Pariwisata di Kab. Aceh Tengah', '27', '26'),
(818, 'Jumlah Bangunan Pasar Tradisional Dikelola Pemerintah di Kab. Aceh Tengah', '27', '26'),
(819, 'Jumlah Bangunan Pasar Tradisional Dikelola Swasta di Kab. Aceh Tengah', '27', '26'),
(820, 'Jumlah Bangunan Pasar Tradisional Dikelola Masyarakat di Kab. Aceh Tengah', '27', '26'),
(821, 'Jumlah Pasar Modern di Kab. Aceh Tengah', '27', '26'),
(822, 'Jumlah Rumah Potong Hewan Kab. Aceh Tengah', '27', '26'),
(823, 'Volume Ekspor Menurut Komoditi di Kab. Aceh Tengah', '27', '26'),
(824, 'Nilai Ekspor Menurut Komoditi di Kab. Aceh Tengah', '27', '26'),
(825, 'Jumlah nilai Free On Boar (FOB) Komoditi Kab. Aceh Tengah', '27', '26'),
(826, 'Nilai Ekspor Berdasarkan Negara Tujuan Kab. Aceh Tengah', '27', '26'),
(827, 'Jumlah Nilai Free On Boar (FOB) Negara Tujuan Kab. Aceh Tengah', '27', '26'),
(828, 'Nilai Import Negara Asal Kab. Aceh Tengah', '27', '26'),
(829, 'Jumlah Nilai Cost Insurence Freight (CIF) Negara Asal Kab. Aceh Tengah', '27', '26'),
(830, 'Jumlah Kunjungan Wisatawan di Kab. Aceh Tengah', '11', '27'),
(831, 'Jumlah Objek Wisata di Kab. Aceh Tengah', '11', '27'),
(832, 'Kunjungan Per Objek Wisata di Kab. Aceh Tengah', '11', '27'),
(833, 'Objek Wisata Berdasarkan Kepemilikan di Kab. Aceh Tengah', '11', '27'),
(834, 'Lama Kunjungan Wisata di Kab. Aceh Tengah', '11', '27'),
(835, 'Jumlah Penginapan di Kab. Aceh Tengah', '11', '27'),
(836, 'Jumlah Kamar Penginapan di Kab. Aceh Tengah', '11', '27'),
(837, 'Jumlah Tempat Tidur Penginapan di Kab. Aceh Tengah', '11', '27'),
(838, 'Biro Wisata dan Agen Perjalanan Wisata di Kab. Aceh Tengah', '11', '27'),
(839, 'Jumlah Pemandu Wisata di Kab. Aceh Tengah', '11', '27'),
(840, 'Jenis Usaha Makanan/ Minuman di Kab. Aceh Tengah', '11', '27'),
(841, 'Kategori Berdasarkan Jenis Makanan Yang disediakan di Kab. Aceh Tengah', '11', '27'),
(842, 'Pusat Penjualan Cendramata di Kab. Aceh Tengah', '11', '27'),
(843, 'Pemnerimaan Daerah Pariwisata di Kab. Aceh Tengah', '11', '27'),
(844, 'Penerimaan Daerah Dari Pariwisata Kab. Aceh Tengah', '11', '27'),
(845, 'Jumlah Kesenian di Kab. Aceh Tengah', '11', '27'),
(846, 'Jumlah Hasil Tangkapan Ikan di Kab. Aceh Tengah', '26', '28'),
(847, 'Nilai Hasil Tangkapan Ikan di Kab. Aceh Tengah', '26', '28'),
(848, 'Nilai Hasil Tangkapan Lainnya di Kab. Aceh Tengah', '26', '28'),
(849, 'Jumlah Nelayan di Kab. Aceh Tengah', '26', '28'),
(850, 'Kapal Penangkap Ikan Tanpa Motor di Kab. Aceh Tengah', '26', '28'),
(851, 'Kapal Penangkap Ikan Perahu Motor Tempel di Kab. Aceh Tengah', '26', '28'),
(852, 'Kapal Penangkap Ikan Kapal Motor di Kab. Aceh Tengah', '26', '28'),
(853, 'Jumlah Tempat Pelelangan Ikan di Kab. Aceh Tengah', '26', '28'),
(854, 'Jumlah Cold Storage di Kab. Aceh Tengah', '26', '28'),
(855, 'Jumlah Dermaga Tambat Perahu/Kapal Penangkap Ikan Rakyat Kab. Aceh Tengah', '26', '28'),
(856, 'Jumlah Deraga Tambat Perahu/Kapal Penangkap Ikan Rakyat Kab. Aceh Tengah', '26', '28'),
(857, 'Jumlah dan Luas Kawasan Konservasi Danau Kab. Aceh Tengah', '26', '28'),
(858, 'Kapal Penangkap Ikan Kapal Motor Kab. Aceh Tengah', '26', '28'),
(859, 'Penangkapan Perairan Umum di Kab. Aceh Tengah', '27', '28'),
(860, 'Budidaya Air Tawar di Kab. Aceh Tengah', '26', '28'),
(861, 'Perusahaan Pengolahan Perikanan Air Tawar di Kab. Aceh Tengah', '26', '28'),
(862, 'Perusahaan Pengolahan Perikanan Air Tawar di Kab. Aceh Tengah', '26', '28'),
(863, 'Balai Benih Ikan Kab. Aceh Tengah', '26', '28'),
(864, 'Pembenihan Ikan Rakyat Kab. Aceh Tengah', '26', '28'),
(865, 'Nilai Tukar Pembudidaya Air Tawar di Kab. Aceh Tengah', '26', '28'),
(866, 'Pengeluaran Pembudidaya Air Tawar di Kab. Aceh Tengah', '26', '28'),
(867, 'Volume dan Nilai Eksport Perikanan Kab. Aceh Tengah', '26', '28'),
(868, 'Luas Lahan Pertanian Sawah Kab. Aceh Tengah', '03', '29'),
(869, 'Luas Lahan Pertanian Kering Kab. Aceh Tengah', '03', '29'),
(870, 'Jumlah Produksi Tanaman Pangan (Ton) Kab. Aceh Tengah', '03', '29'),
(871, 'Nilai Produksi Tanaman Pangan (Rp) Kab. Aceh Tengah', '03', '29'),
(872, 'Luas Areal Holtikultura Kab. Aceh Tengah', '03', '29'),
(873, 'Jumlah Produksi Holtikultura Kab. Aceh Tengah', '03', '29'),
(874, 'Nilai Produksi Holtikultura Kab. Aceh Tengah', '03', '29'),
(875, 'Luas Areal Perkebunan Tanaman Tahunan Kab. Aceh Tengah', '03', '29'),
(876, 'Luas Areal Perkebunan Tanaman Semusim Kab. Aceh Tengah', '03', '29'),
(877, 'Jumlah Produksi Perkebunan Tanaman Tahunan Kab. Aceh Tengah', '03', '29'),
(878, 'Nilai Produksi Perkebunan Tanaman Tahunan Kab. Aceh Tengah', '03', '29'),
(879, 'Jumlah Produksi Perkebunan Tanaman Semusim Kab. Aceh Tengah', '03', '29'),
(880, 'Jumlah Peternakan Hewan Besar Kab. Aceh Tengah', '03', '29'),
(881, 'Jumlah Populasi Hewan Ternak Besar Kab. Aceh Tengah', '03', '29'),
(882, 'Jumlah Populasi Hewan Ternak Kecil Kab. Aceh Tengah', '03', '29'),
(883, 'Jumlah Populasi Hewan Ternak Unggas Kab. Aceh Tengah', '03', '29'),
(884, 'Jumlah Dan Nilai Produksi Daging Hewan Ternak Besar Kab. Aceh Tengah', '03', '29'),
(885, 'Jumlah Dan Nilai Produksi Daging Hewan Ternak Kecil Kab. Aceh Tengah', '03', '29'),
(886, 'Jumlah Dan Nilai Produksi Susu Sapi Kab. Aceh Tengah', '03', '29'),
(887, 'Jumlah Dan Nilai Produksi Daging Hewan Ternak Unggas Kab. Aceh Tengah', '03', '29'),
(888, 'Jumlah Dan Nilai Produksi Telur Ayam Kab. Aceh Tengah', '03', '29'),
(889, 'Jumlah Dan Nilai Produksi Telur Itik Kab. Aceh Tengah', '03', '29'),
(890, 'Jumlah Kasus Wabah/Endemi Pada Hewan Kab. Aceh Tengah', '03', '29'),
(891, 'Jumlah Ketersediaan Benih Tanaman Pangan Kab. Aceh Tengah', '03', '29'),
(892, 'Jumlah Ketersediaan Benih Holtikultura Kab. Aceh Tengah', '03', '29'),
(893, 'Jumlah Ketersediaan Benih Perkebunan Kab. Aceh Tengah', '03', '29'),
(894, 'Jumlah Ketersediaan Bibit Ternak Kab. Aceh Tengah', '03', '29'),
(895, 'Jumlah Ketersediaan Pupuk Kab. Aceh Tengah', '03', '29'),
(896, 'Jumlah Ketersediaan Pakan Ternak Kab. Aceh Tengah', '03', '29'),
(897, 'Jumlah Ketersediaan Alat Pertanian Kab. Aceh Tengah', '03', '29'),
(898, 'Jumlah Ketersediaan Mesin Pertanian Kab. Aceh Tengah', '03', '29'),
(899, 'Jumlah Obat Anti Hama Kab. Aceh Tengah', '03', '29'),
(900, 'Luas Areal Perairan Kab. Aceh Tengah', '03', '29'),
(901, 'Jumlah Kelompok Tani Kab. Aceh Tengah', '03', '29'),
(902, 'Jumlah Pemukiman Transmigrasi Kab. Aceh Tengah', '05', '30'),
(903, 'Luas Pemukiman Transmigrasi Kab. Aceh Tengah', '05', '30'),
(904, 'Jumlah Kepala Keluarga Transmigrasi Kab. Aceh Tengah', '05', '30'),
(905, 'Jumlah Rumah Tangga Transmigrasi Kab. Aceh Tengah', '05', '30'),
(906, 'Jumlah Rumah Transmigrasi Kab. Aceh Tengah', '05', '30'),
(907, 'Jumlah Rumah Memiliki Jamban Kab. Aceh Tengah', '05', '30'),
(908, 'Jumlah Rumah Tidak Memiliki Jamban Kab. Aceh Tengah', '05', '30'),
(909, 'Jumlah Rumah Memiliki Sumur Galian Kab. Aceh Tengah', '05', '30'),
(910, 'Jumlah Rumah Petugas Kab. Aceh Tengah', '05', '30'),
(911, 'Jumlah Rumah Ibadah Kab. Aceh Tengah', '05', '30'),
(912, 'Jumlah Kantor Transmigrasi Kab. Aceh Tengah', '05', '30'),
(913, 'Jumlah Gudang Kab. Aceh Tengah', '05', '30'),
(914, 'Jumlah Puskesmas Pembantu Kab. Aceh Tengah', '05', '30'),
(915, 'Jumlah Balai Desa Kab. Aceh Tengah', '05', '30'),
(916, 'Panjang Jalan Poros Kab. Aceh Tengah', '05', '30'),
(917, 'Jumlah Gorong - Gorong Kab. Aceh Tengah', '05', '30'),
(918, 'Jumlah Jembatan Kayu Kab. Aceh Tengah', '05', '30'),
(919, 'Jumlah Jembatan Non Standart Kab. Aceh Tengah', '05', '30'),
(920, 'Jumlah Panjang Drainase Kab. Aceh Tengah', '05', '30'),
(921, 'Jumlah Kawasan Transmigrasi Mandiri (KTM) Kab. Aceh Tengah', '05', '30'),
(922, 'Jumlah Penerimaan Zakat di Kab. Aceh Tengah', '75', '31'),
(923, 'Jumlah Penerimaan Infaq dan Shadaqah di Kab. Aceh Tengah', '75', '31'),
(924, 'Jumlah Penerimaan Zakat Untuk Fakir di Kab. Aceh Tengah', '75', '31'),
(925, 'Jumlah Penerimaan Zakat Untuk Miskin di Kab. Aceh Tengah', '75', '31'),
(926, 'Jumlah Penerimaan Zakat Untuk Amillun di Kab. Aceh Tengah', '75', '31'),
(927, 'Jumlah Penerimaan Zakat untuk Muallaf di Kab. Aceh Tengah', '75', '31'),
(928, 'Jumlah Penerimaan Zakat untuk Riqab di Kab. Aceh Tengah', '75', '31'),
(929, 'Jumlah Penerimaan Zakat Untuk Gharim di Kab. Aceh Tengah', '75', '31'),
(930, 'Jumlah Penerimaan Zakat Untuk Shabilullah Kab. Aceh Tengah', '75', '31'),
(931, 'Jumlah Penerimaan Zakat Untuk Ibnu Sabil di Kab. Aceh Tengah', '75', '31'),
(932, 'Besar Nilai Penerimaan Zakat Untuk Fakir di Kab. Aceh Tengah', '75', '31'),
(933, 'Besar Nilai Penerimaan Untuk Miskin di Kab. Aceh Tengah', '75', '31'),
(934, 'Besar Nilai Penerimaan Untuk Amillun di Kab. Aceh Tengah', '75', '31'),
(935, 'Besar Nilai Penerimaan Untuk Muallaf di Kab. Aceh Tengah', '75', '31'),
(936, 'Besar Nilai Penerimaan Untuk Riqab di Kab. Aceh Tengah', '75', '31'),
(937, 'Besar Niali Penerimaan Untuk Gharim di Kab. Aceh Tengah', '75', '31'),
(938, 'Besar Nilai Untuk Shabilullah di Kab. Aceh Tengah', '75', '31'),
(939, 'Besar Nilai Penerimaan Untuk Ibnu Sabil di Kab. Aceh Tengah', '75', '31'),
(940, 'Jumlah Dana Corporte Social Responsibility (CSR) PT. Bank BRI (Persero), Tbk Cabang Takengon Penyaluran Kab. Aceh Tengah', '76', '32'),
(941, 'Jumlah Dana Corporte Social Responsibility (CSR) PT. Bank Mandiri (Persero), Tbk Cabang Takengon Penyaluran Kab. Aceh Tengah', '77', '32'),
(942, 'Jumlah Dana Corporte Social Responsibility (CSR) PT. Bank Mandiri Syariah (Persero), Tbk Cabang Takengon Penyaluran Kab. Aceh Tengah', '78', '32'),
(943, 'Jumlah Dana Corporte Social Responsibility (CSR) PT. Bank BNI (Persero), Tbk Cabang Takengon Penyaluran Kab. Aceh Tengah', '79', '32'),
(944, 'Jumlah Dana Corporte Social Responsibility (CSR) PT. Bank Aceh Penyaluran Kab. Aceh Tengah', '80', '32'),
(945, 'Jumlah Dana Corporte Social Responsibility (CSR) PT. Telkom (Persero) Penyaluran Kab. Aceh Tengah', '51', '32'),
(946, 'Jumlah Dana Corporte Social Responsibility (CSR) PT. PLN (Persero) Penyaluran Kab. Aceh Tengah', '71', '32'),
(947, 'Jumlah Dana Corporte Social Responsibility (CSR) PT. Pos Indonesia (Persero) Penyaluran Kab. Aceh Tengah', '81', '32'),
(948, 'Jumlah Dana Corporte Social Responsibility (CSR) : Hutani Lestari Penyaluran Kab. Aceh Tengah', '82', '32'),
(949, 'Jumlah Dana Corporte Social Responsibility (CSR) : PT. Ihtiyeri Keti Ara Penyaluran Kab. Aceh Tengah', '83', '32'),
(950, 'Jumlah Dana Corporte Social Responsibility (CSR) : Koperasi KBQ Baburrayan Penyaluran Kab. Aceh Tengah', '84', '32'),
(951, 'Jumlah Dana Corporte Social Responsibility (CSR) PT. Bank BTPN Penyaluran Kab. Aceh Tengah', '85', '32'),
(952, 'Jumlah Dana Corporte Social Responsibility (CSR) PT. PR Syariah Renggali Penyaluran Kab. Aceh Tengah', '86', '32'),
(953, 'Jumlah Masyrakat Peserta Jaminan Sosial Ketenagakerjaan di Kab. Aceh Tengah', '87', '32'),
(954, 'Jumlah Perusahaan Peserta Jaminan Sosial Ketenagakerjaan Kab. Aceh Tengah', '87', '32'),
(955, 'Jumlah Masyarakat Peserta Jaminan Sosial Kesehatan Kab. Aceh Tengah', '88', '32'),
(956, 'Jumlah Perusahaan Peserta Jaminan Sosial Kesehatan Kab. Aceh Tengah', '88', '32'),
(957, 'Jumlah Imam Kampung Per Kecamatan Di Kab. Aceh Tengah', '33', '33'),
(958, 'Jumlah Mesjid Per Kecamatan di Kab. Aceh Tengah', '33', '33'),
(959, 'Jumlah Mushalla/Meunasah Per Kecamatan Kab. Aceh Tengah', '33', '33'),
(960, 'Jumlah Sarana Ibadah Agama Lainnya Per Kecamatan di Kab. Aceh Tengah', '33', '33'),
(961, 'Jumlah Pemeluk Agama Islam Per Kecamatan di Kab. Aceh Tengah', '33', '33'),
(962, 'Jumlah Pemeluk Agama Kristen Protestan Per Kecamatan di Kab. Aceh Tengah', '33', '33'),
(963, 'Jumlah Pemeluk Agama Kristen Katolik Per Kecamatan di Kab. Aceh Tengah', '33', '33'),
(964, 'Jumlah Pemeluk Agama Hindu Per Kecamatan di Kab. Aceh Tengah', '33', '33'),
(965, 'Jumlah Pemeluk Agama Buddha Per Kecamatan di Kab. Aceh Tengah', '33', '33'),
(966, 'Jumlah Pemeluk Agama Konghucu Per Kecamatan di Kab. Aceh Tengah', '33', '33'),
(967, 'Jumlah Pemeluk Kepercayaan Lainnya Per Kecamatan di Kab. Aceh Tengah', '33', '33'),
(968, 'Jumlah Jamaah Haji Per Kecamatan di Kab. Aceh Tengah', '33', '33'),
(969, 'Jumlah Peristiwa Nikah Per Kecamatan di Kab. Aceh Tengah', '33', '33'),
(970, 'Jumlah Pelatihan Adat dan Kebudayaan Gayo di Kab. Aceh Tengah', '89', '34'),
(971, 'Jumlah Penyusunan Risalah - Risalah Untuk Menjadi Pedoman Tentang Adat di Kab. Aceh Tengah', '89', '34'),
(972, 'Jumlah Pelaksanaan Pembinaan Dan Pengembangan Fungsi Peradilan Adat Kab. Aceh Tengah', '89', '34'),
(973, 'Jumlah Peningkatan Kemampuan Tokoh Adat Yang Profesional Sesuai Dengan Keadaan Dan Kebutuhan Masyarakat di Daerah Kab. Aceh Tengah', '89', '34'),
(974, 'Jumlah Pelaksanaan Partisipasi dalam Penyelenggaraan Pekan Kebudayaan Kab. Aceh Tengah', '89', '34'),
(975, 'Jumlah Pertimbangan Kepada Pemerintah Kabupaten dalam Menyelenggarakan Pemerintah Di Bidang Pendidikan Kab. Aceh Tengah', '74', '35'),
(976, 'Jumlah Konsep Pendidikan Islam Dan Pedoman Implementasinya Kab. Aceh Tengah', '74', '35'),
(977, 'Jumlah Pengembangan Kurikulum Sekolah/Madrasah Yang Islam Kab. Aceh Tengah', '74', '35'),
(978, 'Jumlah Penelitian dan Pengembangan Pendidikan Kab. Aceh Tengah', '74', '35'),
(979, 'Jumlah Fatwa Yang Dapat Menjadi Salah Satu Pertimbangan Terhadap Kebijakan Pemerintah Daerah Dalam bidang Pemerintah Kab. Aceh Tengah', '90', '36'),
(980, 'Jumlah Fatwa Yang Dapat Menjadi Salah Satu Pertimbangan Terhadap Kebijakan Pemerintah Daerah Dalam Bidang Pembangunan Kab. Aceh Tengah', '90', '36'),
(981, 'Jumlah Fatwa Yang Dapat Menjadi Salah Satu Pertimbangan Terhadap Kebijakan Pemerintah Daerah Dalam Bidang Pembinaan Masyarakat  Kab. Aceh Tengah', '90', '36'),
(982, ' Jumlah Fatwa Yang Dapat menjadi Salah Satu Pertimbangan Terhadap Kebijakan Pemerintah Daerah Dalam Bidang Ekonomi  Kab. Aceh Tengah', '90', '36'),
(983, 'Jumlah Pengawasan terhadap Penyelenggaraan Pemerintahan, kebijakan daerah berdasarkan syariat Islam Kab. Aceh Tengah', '90', '36'),
(984, 'Jumlah penelitian, Pengembangan, Penerjemahan, Penerbitan dan Pendokumentasian terhadap naskah - naskah yang berkenan dengan syariat Islam  Kab. Aceh Tengah', '90', '36'),
(985, 'Jumlah Pelatihan Pengkaderan Ulama  Kab. Aceh Tengah', '90', '36'),
(986, 'Profil Dayah Terpadu Per Kecamatan di Kab. Aceh Tengah', '33', '37'),
(987, 'Profil Dayah Salafiyah Per Kecamatan di Kab. Aceh Tengah', '33', '37'),
(988, 'Profil Jumlah Santri Dayah Terpadu Per Kecamatan di Kab. Aceh Tengah', '33', '37'),
(989, 'Profil Jumlah Santri Salafiyah Per Kecamatan di Kab. Aceh Tengah', '33', '37'),
(990, 'Profil Bangunan Dayah Kondisi Baik Per Kecamatan di Kab. Aceh Tengah', '33', '37'),
(991, 'Profil Bangunan Dayah Kondisi Tidak Baik Per Kecamatan di Kab. Aceh Tengah', '33', '37'),
(992, 'Jumlah Ruang Kelas Dayah Terpadu dan Salafiyah Kab. Aceh Tengah', '33', '37'),
(993, 'Jumlah Tenaga Pendidik Dayah Terpadu Dan Salafiyah Berdasarkan Jenis Pendidikan di Kab. Aceh Tengah', '33', '37'),
(994, 'Rasio Santri/i dengan Tenaga Pendidik di Kab. Aceh Tengah', '33', '37'),
(995, 'Batas Wilayah Kab. Aceh Tengah', '01', '01');

-- --------------------------------------------------------

--
-- Struktur dari tabel `user`
--

CREATE TABLE IF NOT EXISTS `user` (
  `id_user` int(5) NOT NULL,
  `nm_user` varchar(50) NOT NULL,
  `password` char(10) NOT NULL,
  `level` varchar(15) NOT NULL
) ENGINE=InnoDB AUTO_INCREMENT=10 DEFAULT CHARSET=utf8mb4;

--
-- Dumping data untuk tabel `user`
--

INSERT INTO `user` (`id_user`, `nm_user`, `password`, `level`) VALUES
(1, 'zikrul', '1', 'superadmin'),
(2, 'hermansyah', '1', 'admin'),
(3, 'aramiko', '1', 'admin'),
(4, 'udin', '1', 'admin'),
(5, 'user1', '11', 'admin'),
(6, 'user2', '12', 'admin'),
(7, 'user3', '13', 'admin'),
(8, 'user4', '14', 'admin'),
(9, 'user5', '15', 'admin');

--
-- Indexes for dumped tables
--

--
-- Indexes for table `jenisdata`
--
ALTER TABLE `jenisdata`
  ADD PRIMARY KEY (`id_jenis_data`),
  ADD KEY `kd_sat` (`kd_sat`),
  ADD KEY `id_subsek` (`id_subsek`);

--
-- Indexes for table `kabupaten`
--
ALTER TABLE `kabupaten`
  ADD PRIMARY KEY (`kd_kab`);

--
-- Indexes for table `kampung`
--
ALTER TABLE `kampung`
  ADD PRIMARY KEY (`kd_kp`),
  ADD KEY `kd_kec` (`kd_kec`);

--
-- Indexes for table `kecamatan`
--
ALTER TABLE `kecamatan`
  ADD PRIMARY KEY (`kd_kec`),
  ADD KEY `kd_kab` (`kd_kab`);

--
-- Indexes for table `riwayatdatakab`
--
ALTER TABLE `riwayatdatakab`
  ADD PRIMARY KEY (`id_riwayatdata`),
  ADD KEY `id_jenis_data` (`id_jenis_data`),
  ADD KEY `kd_kab` (`kd_kab`);

--
-- Indexes for table `riwayatdatakec`
--
ALTER TABLE `riwayatdatakec`
  ADD PRIMARY KEY (`id_riwayatdata`),
  ADD KEY `id_jenis_data` (`id_jenis_data`),
  ADD KEY `kd_kec` (`kd_kec`) USING BTREE;

--
-- Indexes for table `riwayatdatakp`
--
ALTER TABLE `riwayatdatakp`
  ADD PRIMARY KEY (`id_riwayatdata`),
  ADD KEY `id_jenis_data` (`id_jenis_data`),
  ADD KEY `kd_kp` (`kd_kp`) USING BTREE;

--
-- Indexes for table `riwayatuser`
--
ALTER TABLE `riwayatuser`
  ADD KEY `id_user` (`id_user`) USING BTREE;

--
-- Indexes for table `satuan`
--
ALTER TABLE `satuan`
  ADD PRIMARY KEY (`kd_sat`);

--
-- Indexes for table `satuankerja`
--
ALTER TABLE `satuankerja`
  ADD PRIMARY KEY (`kd_satker`);

--
-- Indexes for table `sektor`
--
ALTER TABLE `sektor`
  ADD PRIMARY KEY (`kd_sek`);

--
-- Indexes for table `subsektor`
--
ALTER TABLE `subsektor`
  ADD PRIMARY KEY (`id_subsek`),
  ADD KEY `kd_satker` (`kd_satker`),
  ADD KEY `kd_sek` (`kd_sek`);

--
-- Indexes for table `user`
--
ALTER TABLE `user`
  ADD PRIMARY KEY (`id_user`);

--
-- AUTO_INCREMENT for dumped tables
--

--
-- AUTO_INCREMENT for table `jenisdata`
--
ALTER TABLE `jenisdata`
  MODIFY `id_jenis_data` int(5) NOT NULL AUTO_INCREMENT,AUTO_INCREMENT=91;
--
-- AUTO_INCREMENT for table `riwayatdatakab`
--
ALTER TABLE `riwayatdatakab`
  MODIFY `id_riwayatdata` int(5) NOT NULL AUTO_INCREMENT,AUTO_INCREMENT=13;
--
-- AUTO_INCREMENT for table `riwayatdatakec`
--
ALTER TABLE `riwayatdatakec`
  MODIFY `id_riwayatdata` int(5) NOT NULL AUTO_INCREMENT,AUTO_INCREMENT=15;
--
-- AUTO_INCREMENT for table `riwayatdatakp`
--
ALTER TABLE `riwayatdatakp`
  MODIFY `id_riwayatdata` int(5) NOT NULL AUTO_INCREMENT;
--
-- AUTO_INCREMENT for table `subsektor`
--
ALTER TABLE `subsektor`
  MODIFY `id_subsek` int(5) NOT NULL AUTO_INCREMENT,AUTO_INCREMENT=996;
--
-- AUTO_INCREMENT for table `user`
--
ALTER TABLE `user`
  MODIFY `id_user` int(5) NOT NULL AUTO_INCREMENT,AUTO_INCREMENT=10;
--
-- Ketidakleluasaan untuk tabel pelimpahan (Dumped Tables)
--

--
-- Ketidakleluasaan untuk tabel `jenisdata`
--
ALTER TABLE `jenisdata`
  ADD CONSTRAINT `JenisData_ibfk_1` FOREIGN KEY (`kd_sat`) REFERENCES `satuan` (`kd_sat`) ON UPDATE CASCADE,
  ADD CONSTRAINT `JenisData_ibfk_2` FOREIGN KEY (`id_subsek`) REFERENCES `subsektor` (`id_subsek`) ON UPDATE CASCADE;

--
-- Ketidakleluasaan untuk tabel `kampung`
--
ALTER TABLE `kampung`
  ADD CONSTRAINT `Kp_ibfk_1` FOREIGN KEY (`kd_kec`) REFERENCES `kecamatan` (`kd_kec`) ON UPDATE CASCADE;

--
-- Ketidakleluasaan untuk tabel `kecamatan`
--
ALTER TABLE `kecamatan`
  ADD CONSTRAINT `Kec_ibfk_1` FOREIGN KEY (`kd_kab`) REFERENCES `kabupaten` (`kd_kab`) ON UPDATE CASCADE;

--
-- Ketidakleluasaan untuk tabel `riwayatdatakab`
--
ALTER TABLE `riwayatdatakab`
  ADD CONSTRAINT `RiwayatData_ibfk_1` FOREIGN KEY (`kd_kab`) REFERENCES `kabupaten` (`kd_kab`) ON UPDATE CASCADE,
  ADD CONSTRAINT `RiwayatData_ibfk_2` FOREIGN KEY (`id_jenis_data`) REFERENCES `jenisdata` (`id_jenis_data`) ON UPDATE CASCADE;

--
-- Ketidakleluasaan untuk tabel `riwayatdatakec`
--
ALTER TABLE `riwayatdatakec`
  ADD CONSTRAINT `riwayatdatakec_ibfk_1` FOREIGN KEY (`kd_kec`) REFERENCES `kecamatan` (`kd_kec`) ON UPDATE CASCADE,
  ADD CONSTRAINT `riwayatdatakec_ibfk_2` FOREIGN KEY (`id_jenis_data`) REFERENCES `jenisdata` (`id_jenis_data`) ON UPDATE CASCADE;

--
-- Ketidakleluasaan untuk tabel `riwayatdatakp`
--
ALTER TABLE `riwayatdatakp`
  ADD CONSTRAINT `riwayatdatakp_ibfk_1` FOREIGN KEY (`kd_kp`) REFERENCES `kampung` (`kd_kp`) ON UPDATE CASCADE,
  ADD CONSTRAINT `riwayatdatakp_ibfk_2` FOREIGN KEY (`id_jenis_data`) REFERENCES `jenisdata` (`id_jenis_data`) ON UPDATE CASCADE;

--
-- Ketidakleluasaan untuk tabel `riwayatuser`
--
ALTER TABLE `riwayatuser`
  ADD CONSTRAINT `riwayatuser_ibfk_1` FOREIGN KEY (`id_user`) REFERENCES `user` (`id_user`) ON UPDATE CASCADE;

--
-- Ketidakleluasaan untuk tabel `subsektor`
--
ALTER TABLE `subsektor`
  ADD CONSTRAINT `SubSek_ibfk_1` FOREIGN KEY (`kd_satker`) REFERENCES `satuankerja` (`kd_satker`) ON UPDATE CASCADE,
  ADD CONSTRAINT `SubSek_ibfk_2` FOREIGN KEY (`kd_sek`) REFERENCES `sektor` (`kd_sek`) ON UPDATE CASCADE;

/*!40101 SET CHARACTER_SET_CLIENT=@OLD_CHARACTER_SET_CLIENT */;
/*!40101 SET CHARACTER_SET_RESULTS=@OLD_CHARACTER_SET_RESULTS */;
/*!40101 SET COLLATION_CONNECTION=@OLD_COLLATION_CONNECTION */;
